order_id,customer_id,amount,currency,created_at,status
ORD-000001,CUST-0002,999.00,INR,2026-08-08T03:17:00+00:00,COMPLETED
ORD-000002,CUST-0003,2499.00,INR,2026-08-15T06:34:00+00:00,COMPLETED
ORD-000003,CUST-0004,999.00,INR,2026-08-22T09:51:00+00:00,COMPLETED
ORD-000004,CUST-0005,499.00,INR,2026-08-04T12:08:00+00:00,COMPLETED
ORD-000005,CUST-0006,1999.00,INR,2026-08-11T15:25:00+00:00,COMPLETED
ORD-000006,CUST-0007,299.00,INR,2026-08-18T18:42:00+00:00,COMPLETED
ORD-000007,CUST-0008,14999.00,INR,2026-08-25T21:59:00+00:00,COMPLETED
ORD-000008,CUST-0009,2999.00,INR,2026-08-07T00:16:00+00:00,COMPLETED
ORD-000009,CUST-0010,14999.00,INR,2026-08-14T03:33:00+00:00,COMPLETED
ORD-000010,CUST-0011,1299.00,INR,2026-08-21T06:50:00+00:00,COMPLETED
ORD-000011,CUST-0012,999.00,INR,2026-08-03T09:07:00+00:00,COMPLETED
ORD-000012,CUST-0013,999.00,INR,2026-08-10T12:24:00+00:00,COMPLETED
ORD-000013,CUST-0014,2999.00,INR,2026-08-17T15:41:00+00:00,COMPLETED
ORD-000014,CUST-0015,999.00,INR,2026-08-24T18:58:00+00:00,COMPLETED
ORD-000015,CUST-0016,3499.00,INR,2026-08-06T21:15:00+00:00,COMPLETED
ORD-000016,CUST-0017,799.00,INR,2026-08-13T00:32:00+00:00,COMPLETED
ORD-000017,CUST-0018,3499.00,INR,2026-08-20T03:49:00+00:00,COMPLETED
ORD-000018,CUST-0019,999.00,INR,2026-08-02T06:06:00+00:00,COMPLETED
ORD-000019,CUST-0020,25000.00,INR,2026-08-09T09:23:00+00:00,COMPLETED
ORD-000020,CUST-0021,7500.00,INR,2026-08-16T12:40:00+00:00,COMPLETED
ORD-000021,CUST-0022,2999.00,INR,2026-08-23T15:57:00+00:00,COMPLETED
ORD-000022,CUST-0023,2499.00,INR,2026-08-05T18:14:00+00:00,COMPLETED
ORD-000023,CUST-0024,9999.00,INR,2026-08-12T21:31:00+00:00,COMPLETED
ORD-000024,CUST-0025,2499.00,INR,2026-08-19T00:48:00+00:00,COMPLETED
ORD-000025,CUST-0026,2499.00,INR,2026-08-01T03:05:00+00:00,COMPLETED
ORD-000026,CUST-0027,9999.00,INR,2026-08-08T06:22:00+00:00,COMPLETED
ORD-000027,CUST-0028,1999.00,INR,2026-08-15T09:39:00+00:00,COMPLETED
ORD-000028,CUST-0029,49999.00,INR,2026-08-22T12:56:00+00:00,COMPLETED
ORD-000029,CUST-0030,1299.00,INR,2026-08-04T15:13:00+00:00,COMPLETED
ORD-000030,CUST-0031,2499.00,INR,2026-08-11T18:30:00+00:00,COMPLETED
ORD-000031,CUST-0032,9999.00,INR,2026-08-18T21:47:00+00:00,COMPLETED
ORD-000032,CUST-0033,1299.00,INR,2026-08-25T00:04:00+00:00,COMPLETED
ORD-000033,CUST-0034,499.00,INR,2026-08-07T03:21:00+00:00,COMPLETED
ORD-000034,CUST-0035,1499.50,INR,2026-08-14T06:38:00+00:00,COMPLETED
ORD-000035,CUST-0036,9999.00,INR,2026-08-21T09:55:00+00:00,COMPLETED
ORD-000036,CUST-0037,2999.00,INR,2026-08-03T12:12:00+00:00,COMPLETED
ORD-000037,CUST-0038,2999.00,INR,2026-08-10T15:29:00+00:00,COMPLETED
ORD-000038,CUST-0039,3499.00,INR,2026-08-17T18:46:00+00:00,COMPLETED
ORD-000039,CUST-0040,25000.00,INR,2026-08-24T21:03:00+00:00,COMPLETED
ORD-000040,CUST-0041,1499.50,INR,2026-08-06T00:20:00+00:00,COMPLETED
ORD-000041,CUST-0042,1999.00,INR,2026-08-13T03:37:00+00:00,COMPLETED
ORD-000042,CUST-0043,1499.50,INR,2026-08-20T06:54:00+00:00,COMPLETED
ORD-000043,CUST-0044,49999.00,INR,2026-08-02T09:11:00+00:00,COMPLETED
ORD-000044,CUST-0045,7500.00,INR,2026-08-09T12:28:00+00:00,COMPLETED
ORD-000045,CUST-0046,499.00,INR,2026-08-16T15:45:00+00:00,COMPLETED
ORD-000046,CUST-0047,799.00,INR,2026-08-23T18:02:00+00:00,COMPLETED
ORD-000047,CUST-0048,1299.00,INR,2026-08-05T21:19:00+00:00,COMPLETED
ORD-000048,CUST-0049,1499.50,INR,2026-08-12T00:36:00+00:00,COMPLETED
ORD-000049,CUST-0050,14999.00,INR,2026-08-19T03:53:00+00:00,COMPLETED
ORD-000050,CUST-0051,1999.00,INR,2026-08-01T06:10:00+00:00,COMPLETED
ORD-000051,CUST-0052,7500.00,INR,2026-08-08T09:27:00+00:00,COMPLETED
ORD-000052,CUST-0053,25000.00,INR,2026-08-15T12:44:00+00:00,COMPLETED
ORD-000053,CUST-0054,2499.00,INR,2026-08-22T15:01:00+00:00,COMPLETED
ORD-000054,CUST-0055,299.00,INR,2026-08-04T18:18:00+00:00,COMPLETED
ORD-000055,CUST-0056,299.00,INR,2026-08-11T21:35:00+00:00,COMPLETED
ORD-000056,CUST-0057,2499.00,INR,2026-08-18T00:52:00+00:00,COMPLETED
ORD-000057,CUST-0058,4999.00,INR,2026-08-25T03:09:00+00:00,COMPLETED
ORD-000058,CUST-0059,2499.00,INR,2026-08-07T06:26:00+00:00,COMPLETED
ORD-000059,CUST-0060,1999.00,INR,2026-08-14T09:43:00+00:00,COMPLETED
ORD-000060,CUST-0061,2499.00,INR,2026-08-21T12:00:00+00:00,COMPLETED
ORD-000061,CUST-0062,1999.00,INR,2026-08-03T15:17:00+00:00,COMPLETED
ORD-000062,CUST-0063,14999.00,INR,2026-08-10T18:34:00+00:00,COMPLETED
ORD-000063,CUST-0064,14999.00,INR,2026-08-17T21:51:00+00:00,COMPLETED
ORD-000064,CUST-0065,999.00,INR,2026-08-24T00:08:00+00:00,COMPLETED
ORD-000065,CUST-0066,4999.00,INR,2026-08-06T03:25:00+00:00,COMPLETED
ORD-000066,CUST-0067,1999.00,INR,2026-08-13T06:42:00+00:00,COMPLETED
ORD-000067,CUST-0068,25000.00,INR,2026-08-20T09:59:00+00:00,COMPLETED
ORD-000068,CUST-0069,1499.50,INR,2026-08-02T12:16:00+00:00,COMPLETED
ORD-000069,CUST-0070,2499.00,INR,2026-08-09T15:33:00+00:00,COMPLETED
ORD-000070,CUST-0071,999.00,INR,2026-08-16T18:50:00+00:00,COMPLETED
ORD-000071,CUST-0072,299.00,INR,2026-08-23T21:07:00+00:00,COMPLETED
ORD-000072,CUST-0073,1499.50,INR,2026-08-05T00:24:00+00:00,COMPLETED
ORD-000073,CUST-0074,49999.00,INR,2026-08-12T03:41:00+00:00,COMPLETED
ORD-000074,CUST-0075,499.00,INR,2026-08-19T06:58:00+00:00,COMPLETED
ORD-000075,CUST-0076,299.00,INR,2026-08-01T09:15:00+00:00,COMPLETED
ORD-000076,CUST-0077,25000.00,INR,2026-08-08T12:32:00+00:00,COMPLETED
ORD-000077,CUST-0078,49999.00,INR,2026-08-15T15:49:00+00:00,COMPLETED
ORD-000078,CUST-0079,3499.00,INR,2026-08-22T18:06:00+00:00,COMPLETED
ORD-000079,CUST-0080,499.00,INR,2026-08-04T21:23:00+00:00,COMPLETED
ORD-000080,CUST-0081,499.00,INR,2026-08-11T00:40:00+00:00,COMPLETED
ORD-000081,CUST-0082,1499.50,INR,2026-08-18T03:57:00+00:00,COMPLETED
ORD-000082,CUST-0083,799.00,INR,2026-08-25T06:14:00+00:00,COMPLETED
ORD-000083,CUST-0084,799.00,INR,2026-08-07T09:31:00+00:00,COMPLETED
ORD-000084,CUST-0085,999.00,INR,2026-08-14T12:48:00+00:00,COMPLETED
ORD-000085,CUST-0086,799.00,INR,2026-08-21T15:05:00+00:00,COMPLETED
ORD-000086,CUST-0087,4999.00,INR,2026-08-03T18:22:00+00:00,COMPLETED
ORD-000087,CUST-0088,4999.00,INR,2026-08-10T21:39:00+00:00,COMPLETED
ORD-000088,CUST-0089,9999.00,INR,2026-08-17T00:56:00+00:00,COMPLETED
ORD-000089,CUST-0090,25000.00,INR,2026-08-24T03:13:00+00:00,COMPLETED
ORD-000090,CUST-0091,299.00,INR,2026-08-06T06:30:00+00:00,COMPLETED
ORD-000091,CUST-0092,799.00,INR,2026-08-13T09:47:00+00:00,COMPLETED
ORD-000092,CUST-0093,2999.00,INR,2026-08-20T12:04:00+00:00,COMPLETED
ORD-000093,CUST-0094,799.00,INR,2026-08-02T15:21:00+00:00,COMPLETED
ORD-000094,CUST-0095,3499.00,INR,2026-08-09T18:38:00+00:00,COMPLETED
ORD-000095,CUST-0096,3499.00,INR,2026-08-16T21:55:00+00:00,COMPLETED
ORD-000096,CUST-0097,3499.00,INR,2026-08-23T00:12:00+00:00,COMPLETED
ORD-000097,CUST-0098,2999.00,INR,2026-08-05T03:29:00+00:00,COMPLETED
ORD-000098,CUST-0099,1299.00,INR,2026-08-12T06:46:00+00:00,COMPLETED
ORD-000099,CUST-0100,1999.00,INR,2026-08-19T09:03:00+00:00,COMPLETED
ORD-000100,CUST-0101,2999.00,INR,2026-08-01T12:20:00+00:00,COMPLETED
ORD-000101,CUST-0102,499.00,INR,2026-08-08T15:37:00+00:00,COMPLETED
ORD-000102,CUST-0103,2999.00,INR,2026-08-15T18:54:00+00:00,COMPLETED
ORD-000103,CUST-0104,4999.00,INR,2026-08-22T21:11:00+00:00,COMPLETED
ORD-000104,CUST-0105,1499.50,INR,2026-08-04T00:28:00+00:00,COMPLETED
ORD-000105,CUST-0106,14999.00,INR,2026-08-11T03:45:00+00:00,COMPLETED
ORD-000106,CUST-0107,799.00,INR,2026-08-18T06:02:00+00:00,COMPLETED
ORD-000107,CUST-0108,499.00,INR,2026-08-25T09:19:00+00:00,COMPLETED
ORD-000108,CUST-0109,1299.00,INR,2026-08-07T12:36:00+00:00,COMPLETED
ORD-000109,CUST-0110,499.00,INR,2026-08-14T15:53:00+00:00,COMPLETED
ORD-000110,CUST-0111,499.00,INR,2026-08-21T18:10:00+00:00,COMPLETED
ORD-000111,CUST-0112,2499.00,INR,2026-08-03T21:27:00+00:00,COMPLETED
ORD-000112,CUST-0113,14999.00,INR,2026-08-10T00:44:00+00:00,COMPLETED
ORD-000113,CUST-0114,1499.50,INR,2026-08-17T03:01:00+00:00,COMPLETED
ORD-000114,CUST-0115,299.00,INR,2026-08-24T06:18:00+00:00,COMPLETED
ORD-000115,CUST-0116,14999.00,INR,2026-08-06T09:35:00+00:00,COMPLETED
ORD-000116,CUST-0117,1499.50,INR,2026-08-13T12:52:00+00:00,COMPLETED
ORD-000117,CUST-0118,499.00,INR,2026-08-20T15:09:00+00:00,COMPLETED
ORD-000118,CUST-0119,1999.00,INR,2026-08-02T18:26:00+00:00,COMPLETED
ORD-000119,CUST-0120,3499.00,INR,2026-08-09T21:43:00+00:00,COMPLETED
ORD-000120,CUST-0121,299.00,INR,2026-08-16T00:00:00+00:00,COMPLETED
ORD-000121,CUST-0122,4999.00,INR,2026-08-23T03:17:00+00:00,COMPLETED
ORD-000122,CUST-0123,2999.00,INR,2026-08-05T06:34:00+00:00,COMPLETED
ORD-000123,CUST-0124,9999.00,INR,2026-08-12T09:51:00+00:00,COMPLETED
ORD-000124,CUST-0125,999.00,INR,2026-08-19T12:08:00+00:00,COMPLETED
ORD-000125,CUST-0126,2999.00,INR,2026-08-01T15:25:00+00:00,COMPLETED
ORD-000126,CUST-0127,14999.00,INR,2026-08-08T18:42:00+00:00,COMPLETED
ORD-000127,CUST-0128,14999.00,INR,2026-08-15T21:59:00+00:00,COMPLETED
ORD-000128,CUST-0129,1999.00,INR,2026-08-22T00:16:00+00:00,COMPLETED
ORD-000129,CUST-0130,14999.00,INR,2026-08-04T03:33:00+00:00,COMPLETED
ORD-000130,CUST-0131,1999.00,INR,2026-08-11T06:50:00+00:00,COMPLETED
ORD-000131,CUST-0132,799.00,INR,2026-08-18T09:07:00+00:00,COMPLETED
ORD-000132,CUST-0133,999.00,INR,2026-08-25T12:24:00+00:00,COMPLETED
ORD-000133,CUST-0134,3499.00,INR,2026-08-07T15:41:00+00:00,COMPLETED
ORD-000134,CUST-0135,9999.00,INR,2026-08-14T18:58:00+00:00,COMPLETED
ORD-000135,CUST-0136,1299.00,INR,2026-08-21T21:15:00+00:00,COMPLETED
ORD-000136,CUST-0137,9999.00,INR,2026-08-03T00:32:00+00:00,COMPLETED
ORD-000137,CUST-0138,9999.00,INR,2026-08-10T03:49:00+00:00,COMPLETED
ORD-000138,CUST-0139,3499.00,INR,2026-08-17T06:06:00+00:00,COMPLETED
ORD-000139,CUST-0140,4999.00,INR,2026-08-24T09:23:00+00:00,COMPLETED
ORD-000140,CUST-0141,25000.00,INR,2026-08-06T12:40:00+00:00,COMPLETED
ORD-000141,CUST-0142,49999.00,INR,2026-08-13T15:57:00+00:00,COMPLETED
ORD-000142,CUST-0143,3499.00,INR,2026-08-20T18:14:00+00:00,COMPLETED
ORD-000143,CUST-0144,2499.00,INR,2026-08-02T21:31:00+00:00,COMPLETED
ORD-000144,CUST-0145,1999.00,INR,2026-08-09T00:48:00+00:00,COMPLETED
ORD-000145,CUST-0146,499.00,INR,2026-08-16T03:05:00+00:00,COMPLETED
ORD-000146,CUST-0147,799.00,INR,2026-08-23T06:22:00+00:00,COMPLETED
ORD-000147,CUST-0148,1999.00,INR,2026-08-05T09:39:00+00:00,COMPLETED
ORD-000148,CUST-0149,9999.00,INR,2026-08-12T12:56:00+00:00,COMPLETED
ORD-000149,CUST-0150,299.00,INR,2026-08-19T15:13:00+00:00,COMPLETED
ORD-000150,CUST-0001,2499.00,INR,2026-08-01T18:30:00+00:00,COMPLETED
ORD-000151,CUST-0002,25000.00,INR,2026-08-08T21:47:00+00:00,COMPLETED
ORD-000152,CUST-0003,2499.00,INR,2026-08-15T00:04:00+00:00,COMPLETED
ORD-000153,CUST-0004,1299.00,INR,2026-08-22T03:21:00+00:00,COMPLETED
ORD-000154,CUST-0005,4999.00,INR,2026-08-04T06:38:00+00:00,COMPLETED
ORD-000155,CUST-0006,14999.00,INR,2026-08-11T09:55:00+00:00,COMPLETED
ORD-000156,CUST-0007,49999.00,INR,2026-08-18T12:12:00+00:00,COMPLETED
ORD-000157,CUST-0008,2499.00,INR,2026-08-25T15:29:00+00:00,COMPLETED
ORD-000158,CUST-0009,49999.00,INR,2026-08-07T18:46:00+00:00,COMPLETED
ORD-000159,CUST-0010,25000.00,INR,2026-08-14T21:03:00+00:00,COMPLETED
ORD-000160,CUST-0011,2499.00,INR,2026-08-21T00:20:00+00:00,COMPLETED
ORD-000161,CUST-0012,4999.00,INR,2026-08-03T03:37:00+00:00,COMPLETED
ORD-000162,CUST-0013,1299.00,INR,2026-08-10T06:54:00+00:00,COMPLETED
ORD-000163,CUST-0014,1299.00,INR,2026-08-17T09:11:00+00:00,COMPLETED
ORD-000164,CUST-0015,14999.00,INR,2026-08-24T12:28:00+00:00,COMPLETED
ORD-000165,CUST-0016,25000.00,INR,2026-08-06T15:45:00+00:00,COMPLETED
ORD-000166,CUST-0017,1999.00,INR,2026-08-13T18:02:00+00:00,COMPLETED
ORD-000167,CUST-0018,299.00,INR,2026-08-20T21:19:00+00:00,COMPLETED
ORD-000168,CUST-0019,299.00,INR,2026-08-02T00:36:00+00:00,COMPLETED
ORD-000169,CUST-0020,9999.00,INR,2026-08-09T03:53:00+00:00,COMPLETED
ORD-000170,CUST-0021,2499.00,INR,2026-08-16T06:10:00+00:00,COMPLETED
ORD-000171,CUST-0022,2999.00,INR,2026-08-23T09:27:00+00:00,COMPLETED
ORD-000172,CUST-0023,299.00,INR,2026-08-05T12:44:00+00:00,COMPLETED
ORD-000173,CUST-0024,9999.00,INR,2026-08-12T15:01:00+00:00,COMPLETED
ORD-000174,CUST-0025,1299.00,INR,2026-08-19T18:18:00+00:00,COMPLETED
ORD-000175,CUST-0026,299.00,INR,2026-08-01T21:35:00+00:00,COMPLETED
ORD-000176,CUST-0027,1299.00,INR,2026-08-08T00:52:00+00:00,COMPLETED
ORD-000177,CUST-0028,499.00,INR,2026-08-15T03:09:00+00:00,COMPLETED
ORD-000178,CUST-0029,4999.00,INR,2026-08-22T06:26:00+00:00,COMPLETED
ORD-000179,CUST-0030,4999.00,INR,2026-08-04T09:43:00+00:00,COMPLETED
ORD-000180,CUST-0031,2999.00,INR,2026-08-11T12:00:00+00:00,COMPLETED
ORD-000181,CUST-0032,799.00,INR,2026-08-18T15:17:00+00:00,COMPLETED
ORD-000182,CUST-0033,499.00,INR,2026-08-25T18:34:00+00:00,COMPLETED
ORD-000183,CUST-0034,799.00,INR,2026-08-07T21:51:00+00:00,COMPLETED
ORD-000184,CUST-0035,2499.00,INR,2026-08-14T00:08:00+00:00,COMPLETED
ORD-000185,CUST-0036,1299.00,INR,2026-08-21T03:25:00+00:00,COMPLETED
ORD-000186,CUST-0037,49999.00,INR,2026-08-03T06:42:00+00:00,COMPLETED
ORD-000187,CUST-0038,25000.00,INR,2026-08-10T09:59:00+00:00,COMPLETED
ORD-000188,CUST-0039,1499.50,INR,2026-08-17T12:16:00+00:00,COMPLETED
ORD-000189,CUST-0040,3499.00,INR,2026-08-24T15:33:00+00:00,COMPLETED
ORD-000190,CUST-0041,3499.00,INR,2026-08-06T18:50:00+00:00,COMPLETED
ORD-000191,CUST-0042,1999.00,INR,2026-08-13T21:07:00+00:00,COMPLETED
ORD-000192,CUST-0043,999.00,INR,2026-08-20T00:24:00+00:00,COMPLETED
ORD-000193,CUST-0044,499.00,INR,2026-08-02T03:41:00+00:00,COMPLETED
ORD-000194,CUST-0045,14999.00,INR,2026-08-09T06:58:00+00:00,COMPLETED
ORD-000195,CUST-0046,4999.00,INR,2026-08-16T09:15:00+00:00,COMPLETED
ORD-000196,CUST-0047,49999.00,INR,2026-08-23T12:32:00+00:00,COMPLETED
ORD-000197,CUST-0048,7500.00,INR,2026-08-05T15:49:00+00:00,COMPLETED
ORD-000198,CUST-0049,14999.00,INR,2026-08-12T18:06:00+00:00,COMPLETED
ORD-000199,CUST-0050,2999.00,INR,2026-08-19T21:23:00+00:00,COMPLETED
ORD-000200,CUST-0051,14999.00,INR,2026-08-01T00:40:00+00:00,COMPLETED
ORD-000201,CUST-0052,2499.00,INR,2026-08-08T03:57:00+00:00,COMPLETED
ORD-000202,CUST-0053,25000.00,INR,2026-08-15T06:14:00+00:00,COMPLETED
ORD-000203,CUST-0054,9999.00,INR,2026-08-22T09:31:00+00:00,COMPLETED
ORD-000204,CUST-0055,49999.00,INR,2026-08-04T12:48:00+00:00,COMPLETED
ORD-000205,CUST-0056,49999.00,INR,2026-08-11T15:05:00+00:00,COMPLETED
ORD-000206,CUST-0057,2999.00,INR,2026-08-18T18:22:00+00:00,COMPLETED
ORD-000207,CUST-0058,2999.00,INR,2026-08-25T21:39:00+00:00,COMPLETED
ORD-000208,CUST-0059,1999.00,INR,2026-08-07T00:56:00+00:00,COMPLETED
ORD-000209,CUST-0060,14999.00,INR,2026-08-14T03:13:00+00:00,COMPLETED
ORD-000210,CUST-0061,2499.00,INR,2026-08-21T06:30:00+00:00,COMPLETED
ORD-000211,CUST-0062,25000.00,INR,2026-08-03T09:47:00+00:00,COMPLETED
ORD-000212,CUST-0063,3499.00,INR,2026-08-10T12:04:00+00:00,COMPLETED
ORD-000213,CUST-0064,2499.00,INR,2026-08-17T15:21:00+00:00,COMPLETED
ORD-000214,CUST-0065,49999.00,INR,2026-08-24T18:38:00+00:00,COMPLETED
ORD-000215,CUST-0066,4999.00,INR,2026-08-06T21:55:00+00:00,COMPLETED
ORD-000216,CUST-0067,2999.00,INR,2026-08-13T00:12:00+00:00,COMPLETED
ORD-000217,CUST-0068,2499.00,INR,2026-08-20T03:29:00+00:00,COMPLETED
ORD-000218,CUST-0069,4999.00,INR,2026-08-02T06:46:00+00:00,COMPLETED
ORD-000219,CUST-0070,1499.50,INR,2026-08-09T09:03:00+00:00,COMPLETED
ORD-000220,CUST-0071,49999.00,INR,2026-08-16T12:20:00+00:00,COMPLETED
ORD-000221,CUST-0072,3499.00,INR,2026-08-23T15:37:00+00:00,COMPLETED
ORD-000222,CUST-0073,3499.00,INR,2026-08-05T18:54:00+00:00,COMPLETED
ORD-000223,CUST-0074,1499.50,INR,2026-08-12T21:11:00+00:00,COMPLETED
ORD-000224,CUST-0075,1299.00,INR,2026-08-19T00:28:00+00:00,COMPLETED
ORD-000225,CUST-0076,499.00,INR,2026-08-01T03:45:00+00:00,COMPLETED
ORD-000226,CUST-0077,49999.00,INR,2026-08-08T06:02:00+00:00,COMPLETED
ORD-000227,CUST-0078,3499.00,INR,2026-08-15T09:19:00+00:00,COMPLETED
ORD-000228,CUST-0079,25000.00,INR,2026-08-22T12:36:00+00:00,COMPLETED
ORD-000229,CUST-0080,499.00,INR,2026-08-04T15:53:00+00:00,COMPLETED
ORD-000230,CUST-0081,999.00,INR,2026-08-11T18:10:00+00:00,COMPLETED
ORD-000231,CUST-0082,49999.00,INR,2026-08-18T21:27:00+00:00,COMPLETED
ORD-000232,CUST-0083,1299.00,INR,2026-08-25T00:44:00+00:00,COMPLETED
ORD-000233,CUST-0084,799.00,INR,2026-08-07T03:01:00+00:00,COMPLETED
ORD-000234,CUST-0085,14999.00,INR,2026-08-14T06:18:00+00:00,COMPLETED
ORD-000235,CUST-0086,9999.00,INR,2026-08-21T09:35:00+00:00,COMPLETED
ORD-000236,CUST-0087,3499.00,INR,2026-08-03T12:52:00+00:00,COMPLETED
ORD-000237,CUST-0088,499.00,INR,2026-08-10T15:09:00+00:00,COMPLETED
ORD-000238,CUST-0089,1999.00,INR,2026-08-17T18:26:00+00:00,COMPLETED
ORD-000239,CUST-0090,1499.50,INR,2026-08-24T21:43:00+00:00,COMPLETED
ORD-000240,CUST-0091,799.00,INR,2026-08-06T00:00:00+00:00,COMPLETED
ORD-000241,CUST-0092,14999.00,INR,2026-08-13T03:17:00+00:00,COMPLETED
ORD-000242,CUST-0093,3499.00,INR,2026-08-20T06:34:00+00:00,COMPLETED
ORD-000243,CUST-0094,3499.00,INR,2026-08-02T09:51:00+00:00,COMPLETED
ORD-000244,CUST-0095,799.00,INR,2026-08-09T12:08:00+00:00,COMPLETED
ORD-000245,CUST-0096,1999.00,INR,2026-08-16T15:25:00+00:00,COMPLETED
ORD-000246,CUST-0097,2499.00,INR,2026-08-23T18:42:00+00:00,COMPLETED
ORD-000247,CUST-0098,1299.00,INR,2026-08-05T21:59:00+00:00,COMPLETED
ORD-000248,CUST-0099,1499.50,INR,2026-08-12T00:16:00+00:00,COMPLETED
ORD-000249,CUST-0100,25000.00,INR,2026-08-19T03:33:00+00:00,COMPLETED
ORD-000250,CUST-0101,3499.00,INR,2026-08-01T06:50:00+00:00,COMPLETED
ORD-000251,CUST-0102,49999.00,INR,2026-08-08T09:07:00+00:00,COMPLETED
ORD-000252,CUST-0103,499.00,INR,2026-08-15T12:24:00+00:00,COMPLETED
ORD-000253,CUST-0104,2999.00,INR,2026-08-22T15:41:00+00:00,COMPLETED
ORD-000254,CUST-0105,2499.00,INR,2026-08-04T18:58:00+00:00,COMPLETED
ORD-000255,CUST-0106,499.00,INR,2026-08-11T21:15:00+00:00,COMPLETED
ORD-000256,CUST-0107,25000.00,INR,2026-08-18T00:32:00+00:00,COMPLETED
ORD-000257,CUST-0108,14999.00,INR,2026-08-25T03:49:00+00:00,COMPLETED
ORD-000258,CUST-0109,49999.00,INR,2026-08-07T06:06:00+00:00,COMPLETED
ORD-000259,CUST-0110,4999.00,INR,2026-08-14T09:23:00+00:00,COMPLETED
ORD-000260,CUST-0111,1499.50,INR,2026-08-21T12:40:00+00:00,COMPLETED
ORD-000261,CUST-0112,49999.00,INR,2026-08-03T15:57:00+00:00,COMPLETED
ORD-000262,CUST-0113,499.00,INR,2026-08-10T18:14:00+00:00,COMPLETED
ORD-000263,CUST-0114,4999.00,INR,2026-08-17T21:31:00+00:00,COMPLETED
ORD-000264,CUST-0115,999.00,INR,2026-08-24T00:48:00+00:00,COMPLETED
ORD-000265,CUST-0116,299.00,INR,2026-08-06T03:05:00+00:00,COMPLETED
ORD-000266,CUST-0117,499.00,INR,2026-08-13T06:22:00+00:00,COMPLETED
ORD-000267,CUST-0118,7500.00,INR,2026-08-20T09:39:00+00:00,COMPLETED
ORD-000268,CUST-0119,499.00,INR,2026-08-02T12:56:00+00:00,COMPLETED
ORD-000269,CUST-0120,1299.00,INR,2026-08-09T15:13:00+00:00,COMPLETED
ORD-000270,CUST-0121,49999.00,INR,2026-08-16T18:30:00+00:00,COMPLETED
ORD-000271,CUST-0122,2499.00,INR,2026-08-23T21:47:00+00:00,COMPLETED
ORD-000272,CUST-0123,299.00,INR,2026-08-05T00:04:00+00:00,COMPLETED
ORD-000273,CUST-0124,2499.00,INR,2026-08-12T03:21:00+00:00,COMPLETED
ORD-000274,CUST-0125,999.00,INR,2026-08-19T06:38:00+00:00,COMPLETED
ORD-000275,CUST-0126,3499.00,INR,2026-08-01T09:55:00+00:00,COMPLETED
ORD-000276,CUST-0127,49999.00,INR,2026-08-08T12:12:00+00:00,COMPLETED
ORD-000277,CUST-0128,25000.00,INR,2026-08-15T15:29:00+00:00,COMPLETED
ORD-000278,CUST-0129,1999.00,INR,2026-08-22T18:46:00+00:00,COMPLETED
ORD-000279,CUST-0130,2999.00,INR,2026-08-04T21:03:00+00:00,COMPLETED
ORD-000280,CUST-0131,2999.00,INR,2026-08-11T00:20:00+00:00,COMPLETED
ORD-000281,CUST-0132,3499.00,INR,2026-08-18T03:37:00+00:00,COMPLETED
ORD-000282,CUST-0133,25000.00,INR,2026-08-25T06:54:00+00:00,COMPLETED
ORD-000283,CUST-0134,4999.00,INR,2026-08-07T09:11:00+00:00,COMPLETED
ORD-000284,CUST-0135,4999.00,INR,2026-08-14T12:28:00+00:00,COMPLETED
ORD-000285,CUST-0136,9999.00,INR,2026-08-21T15:45:00+00:00,COMPLETED
ORD-000286,CUST-0137,499.00,INR,2026-08-03T18:02:00+00:00,COMPLETED
ORD-000287,CUST-0138,9999.00,INR,2026-08-10T21:19:00+00:00,COMPLETED
ORD-000288,CUST-0139,49999.00,INR,2026-08-17T00:36:00+00:00,COMPLETED
ORD-000289,CUST-0140,4999.00,INR,2026-08-24T03:53:00+00:00,COMPLETED
ORD-000290,CUST-0141,999.00,INR,2026-08-06T06:10:00+00:00,COMPLETED
ORD-000291,CUST-0142,1299.00,INR,2026-08-13T09:27:00+00:00,COMPLETED
ORD-000292,CUST-0143,799.00,INR,2026-08-20T12:44:00+00:00,COMPLETED
ORD-000293,CUST-0144,4999.00,INR,2026-08-02T15:01:00+00:00,COMPLETED
ORD-000294,CUST-0145,4999.00,INR,2026-08-09T18:18:00+00:00,COMPLETED
ORD-000295,CUST-0146,49999.00,INR,2026-08-16T21:35:00+00:00,COMPLETED
ORD-000296,CUST-0147,2499.00,INR,2026-08-23T00:52:00+00:00,COMPLETED
ORD-000297,CUST-0148,799.00,INR,2026-08-05T03:09:00+00:00,COMPLETED
ORD-000298,CUST-0149,999.00,INR,2026-08-12T06:26:00+00:00,COMPLETED
ORD-000299,CUST-0150,3499.00,INR,2026-08-19T09:43:00+00:00,COMPLETED
ORD-000300,CUST-0001,4999.00,INR,2026-08-01T12:00:00+00:00,COMPLETED
ORD-000301,CUST-0002,7500.00,INR,2026-08-08T15:17:00+00:00,COMPLETED
ORD-000302,CUST-0003,1299.00,INR,2026-08-15T18:34:00+00:00,COMPLETED
ORD-000303,CUST-0004,14999.00,INR,2026-08-22T21:51:00+00:00,COMPLETED
ORD-000304,CUST-0005,1499.50,INR,2026-08-04T00:08:00+00:00,COMPLETED
ORD-000305,CUST-0006,2499.00,INR,2026-08-11T03:25:00+00:00,COMPLETED
ORD-000306,CUST-0007,2499.00,INR,2026-08-18T06:42:00+00:00,COMPLETED
ORD-000307,CUST-0008,25000.00,INR,2026-08-25T09:59:00+00:00,COMPLETED
ORD-000308,CUST-0009,25000.00,INR,2026-08-07T12:16:00+00:00,COMPLETED
ORD-000309,CUST-0010,1499.50,INR,2026-08-14T15:33:00+00:00,COMPLETED
ORD-000310,CUST-0011,7500.00,INR,2026-08-21T18:50:00+00:00,COMPLETED
ORD-000311,CUST-0012,2999.00,INR,2026-08-03T21:07:00+00:00,COMPLETED
ORD-000312,CUST-0013,1999.00,INR,2026-08-10T00:24:00+00:00,COMPLETED
ORD-000313,CUST-0014,999.00,INR,2026-08-17T03:41:00+00:00,COMPLETED
ORD-000314,CUST-0015,7500.00,INR,2026-08-24T06:58:00+00:00,COMPLETED
ORD-000315,CUST-0016,299.00,INR,2026-08-06T09:15:00+00:00,COMPLETED
ORD-000316,CUST-0017,299.00,INR,2026-08-13T12:32:00+00:00,COMPLETED
ORD-000317,CUST-0018,3499.00,INR,2026-08-20T15:49:00+00:00,COMPLETED
ORD-000318,CUST-0019,2499.00,INR,2026-08-02T18:06:00+00:00,COMPLETED
ORD-000319,CUST-0020,1299.00,INR,2026-08-09T21:23:00+00:00,COMPLETED
ORD-000320,CUST-0021,3499.00,INR,2026-08-16T00:40:00+00:00,COMPLETED
ORD-000321,CUST-0022,7500.00,INR,2026-08-23T03:57:00+00:00,COMPLETED
ORD-000322,CUST-0023,3499.00,INR,2026-08-05T06:14:00+00:00,COMPLETED
ORD-000323,CUST-0024,1499.50,INR,2026-08-12T09:31:00+00:00,COMPLETED
ORD-000324,CUST-0025,7500.00,INR,2026-08-19T12:48:00+00:00,COMPLETED
ORD-000325,CUST-0026,2999.00,INR,2026-08-01T15:05:00+00:00,COMPLETED
ORD-000326,CUST-0027,4999.00,INR,2026-08-08T18:22:00+00:00,COMPLETED
ORD-000327,CUST-0028,799.00,INR,2026-08-15T21:39:00+00:00,COMPLETED
ORD-000328,CUST-0029,9999.00,INR,2026-08-22T00:56:00+00:00,COMPLETED
ORD-000329,CUST-0030,9999.00,INR,2026-08-04T03:13:00+00:00,COMPLETED
ORD-000330,CUST-0031,999.00,INR,2026-08-11T06:30:00+00:00,COMPLETED
ORD-000331,CUST-0032,2999.00,INR,2026-08-18T09:47:00+00:00,COMPLETED
ORD-000332,CUST-0033,999.00,INR,2026-08-25T12:04:00+00:00,COMPLETED
ORD-000333,CUST-0034,299.00,INR,2026-08-07T15:21:00+00:00,COMPLETED
ORD-000334,CUST-0035,799.00,INR,2026-08-14T18:38:00+00:00,COMPLETED
ORD-000335,CUST-0036,14999.00,INR,2026-08-21T21:55:00+00:00,COMPLETED
ORD-000336,CUST-0037,499.00,INR,2026-08-03T00:12:00+00:00,COMPLETED
ORD-000337,CUST-0038,49999.00,INR,2026-08-10T03:29:00+00:00,COMPLETED
ORD-000338,CUST-0039,2499.00,INR,2026-08-17T06:46:00+00:00,COMPLETED
ORD-000339,CUST-0040,25000.00,INR,2026-08-24T09:03:00+00:00,COMPLETED
ORD-000340,CUST-0041,14999.00,INR,2026-08-06T12:20:00+00:00,COMPLETED
ORD-000341,CUST-0042,999.00,INR,2026-08-13T15:37:00+00:00,COMPLETED
ORD-000342,CUST-0043,2999.00,INR,2026-08-20T18:54:00+00:00,COMPLETED
ORD-000343,CUST-0044,1999.00,INR,2026-08-02T21:11:00+00:00,COMPLETED
ORD-000344,CUST-0045,2499.00,INR,2026-08-09T00:28:00+00:00,COMPLETED
ORD-000345,CUST-0046,7500.00,INR,2026-08-16T03:45:00+00:00,COMPLETED
ORD-000346,CUST-0047,9999.00,INR,2026-08-23T06:02:00+00:00,COMPLETED
ORD-000347,CUST-0048,999.00,INR,2026-08-05T09:19:00+00:00,COMPLETED
ORD-000348,CUST-0049,1999.00,INR,2026-08-12T12:36:00+00:00,COMPLETED
ORD-000349,CUST-0050,4999.00,INR,2026-08-19T15:53:00+00:00,COMPLETED
ORD-000350,CUST-0051,1999.00,INR,2026-08-01T18:10:00+00:00,COMPLETED
ORD-000351,CUST-0052,1999.00,INR,2026-08-08T21:27:00+00:00,COMPLETED
ORD-000352,CUST-0053,4999.00,INR,2026-08-15T00:44:00+00:00,COMPLETED
ORD-000353,CUST-0054,2999.00,INR,2026-08-22T03:01:00+00:00,COMPLETED
ORD-000354,CUST-0055,2999.00,INR,2026-08-04T06:18:00+00:00,COMPLETED
ORD-000355,CUST-0056,299.00,INR,2026-08-11T09:35:00+00:00,COMPLETED
ORD-000356,CUST-0057,7500.00,INR,2026-08-18T12:52:00+00:00,COMPLETED
ORD-000357,CUST-0058,299.00,INR,2026-08-25T15:09:00+00:00,COMPLETED
ORD-000358,CUST-0059,499.00,INR,2026-08-07T18:26:00+00:00,COMPLETED
ORD-000359,CUST-0060,999.00,INR,2026-08-14T21:43:00+00:00,COMPLETED
ORD-000360,CUST-0061,25000.00,INR,2026-08-21T00:00:00+00:00,COMPLETED
ORD-000361,CUST-0062,999.00,INR,2026-08-03T03:17:00+00:00,COMPLETED
ORD-000362,CUST-0063,2499.00,INR,2026-08-10T06:34:00+00:00,COMPLETED
ORD-000363,CUST-0064,3499.00,INR,2026-08-17T09:51:00+00:00,COMPLETED
ORD-000364,CUST-0065,499.00,INR,2026-08-24T12:08:00+00:00,COMPLETED
ORD-000365,CUST-0066,14999.00,INR,2026-08-06T15:25:00+00:00,COMPLETED
ORD-000366,CUST-0067,25000.00,INR,2026-08-13T18:42:00+00:00,COMPLETED
ORD-000367,CUST-0068,4999.00,INR,2026-08-20T21:59:00+00:00,COMPLETED
ORD-000368,CUST-0069,1299.00,INR,2026-08-02T00:16:00+00:00,COMPLETED
ORD-000369,CUST-0070,4999.00,INR,2026-08-09T03:33:00+00:00,COMPLETED
ORD-000370,CUST-0071,3499.00,INR,2026-08-16T06:50:00+00:00,COMPLETED
ORD-000371,CUST-0072,14999.00,INR,2026-08-23T09:07:00+00:00,COMPLETED
ORD-000372,CUST-0073,1999.00,INR,2026-08-05T12:24:00+00:00,COMPLETED
ORD-000373,CUST-0074,2499.00,INR,2026-08-12T15:41:00+00:00,COMPLETED
ORD-000374,CUST-0075,25000.00,INR,2026-08-19T18:58:00+00:00,COMPLETED
ORD-000375,CUST-0076,999.00,INR,2026-08-01T21:15:00+00:00,COMPLETED
ORD-000376,CUST-0077,4999.00,INR,2026-08-08T00:32:00+00:00,COMPLETED
ORD-000377,CUST-0078,1299.00,INR,2026-08-15T03:49:00+00:00,COMPLETED
ORD-000378,CUST-0079,799.00,INR,2026-08-22T06:06:00+00:00,COMPLETED
ORD-000379,CUST-0080,14999.00,INR,2026-08-04T09:23:00+00:00,COMPLETED
ORD-000380,CUST-0081,1299.00,INR,2026-08-11T12:40:00+00:00,COMPLETED
ORD-000381,CUST-0082,4999.00,INR,2026-08-18T15:57:00+00:00,COMPLETED
ORD-000382,CUST-0083,7500.00,INR,2026-08-25T18:14:00+00:00,COMPLETED
ORD-000383,CUST-0084,3499.00,INR,2026-08-07T21:31:00+00:00,COMPLETED
ORD-000384,CUST-0085,999.00,INR,2026-08-14T00:48:00+00:00,COMPLETED
ORD-000385,CUST-0086,49999.00,INR,2026-08-21T03:05:00+00:00,COMPLETED
ORD-000386,CUST-0087,7500.00,INR,2026-08-03T06:22:00+00:00,COMPLETED
ORD-000387,CUST-0088,2999.00,INR,2026-08-10T09:39:00+00:00,COMPLETED
ORD-000388,CUST-0089,299.00,INR,2026-08-17T12:56:00+00:00,COMPLETED
ORD-000389,CUST-0090,1499.50,INR,2026-08-24T15:13:00+00:00,COMPLETED
ORD-000390,CUST-0091,4999.00,INR,2026-08-06T18:30:00+00:00,COMPLETED
ORD-000391,CUST-0092,1499.50,INR,2026-08-13T21:47:00+00:00,COMPLETED
ORD-000392,CUST-0093,799.00,INR,2026-08-20T00:04:00+00:00,COMPLETED
ORD-000393,CUST-0094,799.00,INR,2026-08-02T03:21:00+00:00,COMPLETED
ORD-000394,CUST-0095,14999.00,INR,2026-08-09T06:38:00+00:00,COMPLETED
ORD-000395,CUST-0096,1499.50,INR,2026-08-16T09:55:00+00:00,COMPLETED
ORD-000396,CUST-0097,4999.00,INR,2026-08-23T12:12:00+00:00,COMPLETED
ORD-000397,CUST-0098,1299.00,INR,2026-08-05T15:29:00+00:00,COMPLETED
ORD-000398,CUST-0099,799.00,INR,2026-08-12T18:46:00+00:00,COMPLETED
ORD-000399,CUST-0100,14999.00,INR,2026-08-19T21:03:00+00:00,COMPLETED
ORD-000400,CUST-0101,14999.00,INR,2026-08-01T00:20:00+00:00,COMPLETED
ORD-000401,CUST-0102,999.00,INR,2026-08-08T03:37:00+00:00,COMPLETED
ORD-000402,CUST-0103,999.00,INR,2026-08-15T06:54:00+00:00,COMPLETED
ORD-000403,CUST-0104,3499.00,INR,2026-08-22T09:11:00+00:00,COMPLETED
ORD-000404,CUST-0105,9999.00,INR,2026-08-04T12:28:00+00:00,COMPLETED
ORD-000405,CUST-0106,1999.00,INR,2026-08-11T15:45:00+00:00,COMPLETED
ORD-000406,CUST-0107,1299.00,INR,2026-08-18T18:02:00+00:00,COMPLETED
ORD-000407,CUST-0108,4999.00,INR,2026-08-25T21:19:00+00:00,COMPLETED
ORD-000408,CUST-0109,49999.00,INR,2026-08-07T00:36:00+00:00,COMPLETED
ORD-000409,CUST-0110,1299.00,INR,2026-08-14T03:53:00+00:00,COMPLETED
ORD-000410,CUST-0111,2499.00,INR,2026-08-21T06:10:00+00:00,COMPLETED
ORD-000411,CUST-0112,9999.00,INR,2026-08-03T09:27:00+00:00,COMPLETED
ORD-000412,CUST-0113,299.00,INR,2026-08-10T12:44:00+00:00,COMPLETED
ORD-000413,CUST-0114,4999.00,INR,2026-08-17T15:01:00+00:00,COMPLETED
ORD-000414,CUST-0115,14999.00,INR,2026-08-24T18:18:00+00:00,COMPLETED
ORD-000415,CUST-0116,9999.00,INR,2026-08-06T21:35:00+00:00,COMPLETED
ORD-000416,CUST-0117,1499.50,INR,2026-08-13T00:52:00+00:00,COMPLETED
ORD-000417,CUST-0118,799.00,INR,2026-08-20T03:09:00+00:00,COMPLETED
ORD-000418,CUST-0119,2499.00,INR,2026-08-02T06:26:00+00:00,COMPLETED
ORD-000419,CUST-0120,799.00,INR,2026-08-09T09:43:00+00:00,COMPLETED
ORD-000420,CUST-0121,4999.00,INR,2026-08-16T12:00:00+00:00,COMPLETED
ORD-000421,CUST-0122,1499.50,INR,2026-08-23T15:17:00+00:00,COMPLETED
ORD-000422,CUST-0123,999.00,INR,2026-08-05T18:34:00+00:00,COMPLETED
ORD-000423,CUST-0124,7500.00,INR,2026-08-12T21:51:00+00:00,COMPLETED
ORD-000424,CUST-0125,999.00,INR,2026-08-19T00:08:00+00:00,COMPLETED
ORD-000425,CUST-0126,1999.00,INR,2026-08-01T03:25:00+00:00,COMPLETED
ORD-000426,CUST-0127,799.00,INR,2026-08-08T06:42:00+00:00,COMPLETED
ORD-000427,CUST-0128,25000.00,INR,2026-08-15T09:59:00+00:00,COMPLETED
ORD-000428,CUST-0129,4999.00,INR,2026-08-22T12:16:00+00:00,COMPLETED
ORD-000429,CUST-0130,799.00,INR,2026-08-04T15:33:00+00:00,COMPLETED
ORD-000430,CUST-0131,3499.00,INR,2026-08-11T18:50:00+00:00,COMPLETED
ORD-000431,CUST-0132,7500.00,INR,2026-08-18T21:07:00+00:00,COMPLETED
ORD-000432,CUST-0133,25000.00,INR,2026-08-25T00:24:00+00:00,COMPLETED
ORD-000433,CUST-0134,499.00,INR,2026-08-07T03:41:00+00:00,COMPLETED
ORD-000434,CUST-0135,799.00,INR,2026-08-14T06:58:00+00:00,COMPLETED
ORD-000435,CUST-0136,9999.00,INR,2026-08-21T09:15:00+00:00,COMPLETED
ORD-000436,CUST-0137,499.00,INR,2026-08-03T12:32:00+00:00,COMPLETED
ORD-000437,CUST-0138,4999.00,INR,2026-08-10T15:49:00+00:00,COMPLETED
ORD-000438,CUST-0139,1299.00,INR,2026-08-17T18:06:00+00:00,COMPLETED
ORD-000439,CUST-0140,999.00,INR,2026-08-24T21:23:00+00:00,COMPLETED
ORD-000440,CUST-0141,1499.50,INR,2026-08-06T00:40:00+00:00,COMPLETED
ORD-000441,CUST-0142,25000.00,INR,2026-08-13T03:57:00+00:00,COMPLETED
ORD-000442,CUST-0143,1499.50,INR,2026-08-20T06:14:00+00:00,COMPLETED
ORD-000443,CUST-0144,3499.00,INR,2026-08-02T09:31:00+00:00,COMPLETED
ORD-000444,CUST-0145,4999.00,INR,2026-08-09T12:48:00+00:00,COMPLETED
ORD-000445,CUST-0146,799.00,INR,2026-08-16T15:05:00+00:00,COMPLETED
ORD-000446,CUST-0147,9999.00,INR,2026-08-23T18:22:00+00:00,COMPLETED
ORD-000447,CUST-0148,1299.00,INR,2026-08-05T21:39:00+00:00,COMPLETED
ORD-000448,CUST-0149,1299.00,INR,2026-08-12T00:56:00+00:00,COMPLETED
ORD-000449,CUST-0150,9999.00,INR,2026-08-19T03:13:00+00:00,COMPLETED
ORD-000450,CUST-0001,3499.00,INR,2026-08-01T06:30:00+00:00,COMPLETED
ORD-000451,CUST-0002,1299.00,INR,2026-08-08T09:47:00+00:00,COMPLETED
ORD-000452,CUST-0003,7500.00,INR,2026-08-15T12:04:00+00:00,COMPLETED
ORD-000453,CUST-0004,3499.00,INR,2026-08-22T15:21:00+00:00,COMPLETED
ORD-000454,CUST-0005,4999.00,INR,2026-08-04T18:38:00+00:00,COMPLETED
ORD-000455,CUST-0006,2499.00,INR,2026-08-11T21:55:00+00:00,COMPLETED
ORD-000456,CUST-0007,799.00,INR,2026-08-18T00:12:00+00:00,COMPLETED
ORD-000457,CUST-0008,499.00,INR,2026-08-25T03:29:00+00:00,COMPLETED
ORD-000458,CUST-0009,9999.00,INR,2026-08-07T06:46:00+00:00,COMPLETED
ORD-000459,CUST-0010,1499.50,INR,2026-08-14T09:03:00+00:00,COMPLETED
ORD-000460,CUST-0011,499.00,INR,2026-08-21T12:20:00+00:00,COMPLETED
ORD-000461,CUST-0012,2499.00,INR,2026-08-03T15:37:00+00:00,COMPLETED
ORD-000462,CUST-0013,25000.00,INR,2026-08-10T18:54:00+00:00,COMPLETED
ORD-000463,CUST-0014,2499.00,INR,2026-08-17T21:11:00+00:00,COMPLETED
ORD-000464,CUST-0015,1999.00,INR,2026-08-24T00:28:00+00:00,COMPLETED
ORD-000465,CUST-0016,25000.00,INR,2026-08-06T03:45:00+00:00,COMPLETED
ORD-000466,CUST-0017,14999.00,INR,2026-08-13T06:02:00+00:00,COMPLETED
ORD-000467,CUST-0018,1299.00,INR,2026-08-20T09:19:00+00:00,COMPLETED
ORD-000468,CUST-0019,49999.00,INR,2026-08-02T12:36:00+00:00,COMPLETED
ORD-000469,CUST-0020,999.00,INR,2026-08-09T15:53:00+00:00,COMPLETED
ORD-000470,CUST-0021,799.00,INR,2026-08-16T18:10:00+00:00,COMPLETED
ORD-000471,CUST-0022,25000.00,INR,2026-08-23T21:27:00+00:00,COMPLETED
ORD-000472,CUST-0023,799.00,INR,2026-08-05T00:44:00+00:00,COMPLETED
ORD-000473,CUST-0024,7500.00,INR,2026-08-12T03:01:00+00:00,COMPLETED
ORD-000474,CUST-0025,499.00,INR,2026-08-19T06:18:00+00:00,COMPLETED
ORD-000475,CUST-0026,7500.00,INR,2026-08-01T09:35:00+00:00,COMPLETED
ORD-000476,CUST-0027,799.00,INR,2026-08-08T12:52:00+00:00,COMPLETED
ORD-000477,CUST-0028,299.00,INR,2026-08-15T15:09:00+00:00,COMPLETED
ORD-000478,CUST-0029,4999.00,INR,2026-08-22T18:26:00+00:00,COMPLETED
ORD-000479,CUST-0030,499.00,INR,2026-08-04T21:43:00+00:00,COMPLETED
ORD-000480,CUST-0031,1299.00,INR,2026-08-11T00:00:00+00:00,COMPLETED
ORD-000481,CUST-0032,299.00,INR,2026-08-18T03:17:00+00:00,COMPLETED
ORD-000482,CUST-0033,2999.00,INR,2026-08-25T06:34:00+00:00,COMPLETED
ORD-000483,CUST-0034,14999.00,INR,2026-08-07T09:51:00+00:00,COMPLETED
ORD-000484,CUST-0035,2499.00,INR,2026-08-14T12:08:00+00:00,COMPLETED
ORD-000485,CUST-0036,499.00,INR,2026-08-21T15:25:00+00:00,COMPLETED
ORD-000486,CUST-0037,25000.00,INR,2026-08-03T18:42:00+00:00,COMPLETED
ORD-000487,CUST-0038,49999.00,INR,2026-08-10T21:59:00+00:00,COMPLETED
ORD-000488,CUST-0039,2499.00,INR,2026-08-17T00:16:00+00:00,COMPLETED
ORD-000489,CUST-0040,14999.00,INR,2026-08-24T03:33:00+00:00,COMPLETED
ORD-000490,CUST-0041,2499.00,INR,2026-08-06T06:50:00+00:00,COMPLETED
ORD-000491,CUST-0042,799.00,INR,2026-08-13T09:07:00+00:00,COMPLETED
ORD-000492,CUST-0043,299.00,INR,2026-08-20T12:24:00+00:00,COMPLETED
ORD-000493,CUST-0044,499.00,INR,2026-08-02T15:41:00+00:00,COMPLETED
ORD-000494,CUST-0045,2999.00,INR,2026-08-09T18:58:00+00:00,COMPLETED
ORD-000495,CUST-0046,799.00,INR,2026-08-16T21:15:00+00:00,COMPLETED
ORD-000496,CUST-0047,999.00,INR,2026-08-23T00:32:00+00:00,COMPLETED
ORD-000497,CUST-0048,499.00,INR,2026-08-05T03:49:00+00:00,COMPLETED
ORD-000498,CUST-0049,4999.00,INR,2026-08-12T06:06:00+00:00,COMPLETED
ORD-000499,CUST-0050,49999.00,INR,2026-08-19T09:23:00+00:00,COMPLETED
ORD-000500,CUST-0051,799.00,INR,2026-08-01T12:40:00+00:00,COMPLETED
ORD-000501,CUST-0052,3499.00,INR,2026-08-08T15:57:00+00:00,COMPLETED
ORD-000502,CUST-0053,1999.00,INR,2026-08-15T18:14:00+00:00,COMPLETED
ORD-000503,CUST-0054,3499.00,INR,2026-08-22T21:31:00+00:00,COMPLETED
ORD-000504,CUST-0055,49999.00,INR,2026-08-04T00:48:00+00:00,COMPLETED
ORD-000505,CUST-0056,1999.00,INR,2026-08-11T03:05:00+00:00,COMPLETED
ORD-000506,CUST-0057,499.00,INR,2026-08-18T06:22:00+00:00,COMPLETED
ORD-000507,CUST-0058,999.00,INR,2026-08-25T09:39:00+00:00,COMPLETED
ORD-000508,CUST-0059,9999.00,INR,2026-08-07T12:56:00+00:00,COMPLETED
ORD-000509,CUST-0060,4999.00,INR,2026-08-14T15:13:00+00:00,COMPLETED
ORD-000510,CUST-0061,49999.00,INR,2026-08-21T18:30:00+00:00,COMPLETED
ORD-000511,CUST-0062,2999.00,INR,2026-08-03T21:47:00+00:00,COMPLETED
ORD-000512,CUST-0063,799.00,INR,2026-08-10T00:04:00+00:00,COMPLETED
ORD-000513,CUST-0064,3499.00,INR,2026-08-17T03:21:00+00:00,COMPLETED
ORD-000514,CUST-0065,799.00,INR,2026-08-24T06:38:00+00:00,COMPLETED
ORD-000515,CUST-0066,3499.00,INR,2026-08-06T09:55:00+00:00,COMPLETED
ORD-000516,CUST-0067,1499.50,INR,2026-08-13T12:12:00+00:00,COMPLETED
ORD-000517,CUST-0068,25000.00,INR,2026-08-20T15:29:00+00:00,COMPLETED
ORD-000518,CUST-0069,14999.00,INR,2026-08-02T18:46:00+00:00,COMPLETED
ORD-000519,CUST-0070,799.00,INR,2026-08-09T21:03:00+00:00,COMPLETED
ORD-000520,CUST-0071,1499.50,INR,2026-08-16T00:20:00+00:00,COMPLETED
ORD-000521,CUST-0072,25000.00,INR,2026-08-23T03:37:00+00:00,COMPLETED
ORD-000522,CUST-0073,799.00,INR,2026-08-05T06:54:00+00:00,COMPLETED
ORD-000523,CUST-0074,7500.00,INR,2026-08-12T09:11:00+00:00,COMPLETED
ORD-000524,CUST-0075,1299.00,INR,2026-08-19T12:28:00+00:00,COMPLETED
ORD-000525,CUST-0076,7500.00,INR,2026-08-01T15:45:00+00:00,COMPLETED
ORD-000526,CUST-0077,1299.00,INR,2026-08-08T18:02:00+00:00,COMPLETED
ORD-000527,CUST-0078,4999.00,INR,2026-08-15T21:19:00+00:00,COMPLETED
ORD-000528,CUST-0079,999.00,INR,2026-08-22T00:36:00+00:00,COMPLETED
ORD-000529,CUST-0080,49999.00,INR,2026-08-04T03:53:00+00:00,COMPLETED
ORD-000530,CUST-0081,999.00,INR,2026-08-11T06:10:00+00:00,COMPLETED
ORD-000531,CUST-0082,25000.00,INR,2026-08-18T09:27:00+00:00,COMPLETED
ORD-000532,CUST-0083,49999.00,INR,2026-08-25T12:44:00+00:00,COMPLETED
ORD-000533,CUST-0084,1299.00,INR,2026-08-07T15:01:00+00:00,COMPLETED
ORD-000534,CUST-0085,1499.50,INR,2026-08-14T18:18:00+00:00,COMPLETED
ORD-000535,CUST-0086,4999.00,INR,2026-08-21T21:35:00+00:00,COMPLETED
ORD-000536,CUST-0087,3499.00,INR,2026-08-03T00:52:00+00:00,COMPLETED
ORD-000537,CUST-0088,1499.50,INR,2026-08-10T03:09:00+00:00,COMPLETED
ORD-000538,CUST-0089,2499.00,INR,2026-08-17T06:26:00+00:00,COMPLETED
ORD-000539,CUST-0090,1299.00,INR,2026-08-24T09:43:00+00:00,COMPLETED
ORD-000540,CUST-0091,299.00,INR,2026-08-06T12:00:00+00:00,COMPLETED
ORD-000541,CUST-0092,7500.00,INR,2026-08-13T15:17:00+00:00,COMPLETED
ORD-000542,CUST-0093,1299.00,INR,2026-08-20T18:34:00+00:00,COMPLETED
ORD-000543,CUST-0094,3499.00,INR,2026-08-02T21:51:00+00:00,COMPLETED
ORD-000544,CUST-0095,14999.00,INR,2026-08-09T00:08:00+00:00,COMPLETED
ORD-000545,CUST-0096,1299.00,INR,2026-08-16T03:25:00+00:00,COMPLETED
ORD-000546,CUST-0097,25000.00,INR,2026-08-23T06:42:00+00:00,COMPLETED
ORD-000547,CUST-0098,7500.00,INR,2026-08-05T09:59:00+00:00,COMPLETED
ORD-000548,CUST-0099,1499.50,INR,2026-08-12T12:16:00+00:00,COMPLETED
ORD-000549,CUST-0100,499.00,INR,2026-08-19T15:33:00+00:00,COMPLETED
ORD-000550,CUST-0101,1299.00,INR,2026-08-01T18:50:00+00:00,COMPLETED
ORD-000551,CUST-0102,1499.50,INR,2026-08-08T21:07:00+00:00,COMPLETED
ORD-000552,CUST-0103,7500.00,INR,2026-08-15T00:24:00+00:00,COMPLETED
ORD-000553,CUST-0104,2999.00,INR,2026-08-22T03:41:00+00:00,COMPLETED
ORD-000554,CUST-0105,2999.00,INR,2026-08-04T06:58:00+00:00,COMPLETED
ORD-000555,CUST-0106,799.00,INR,2026-08-11T09:15:00+00:00,COMPLETED
ORD-000556,CUST-0107,1499.50,INR,2026-08-18T12:32:00+00:00,COMPLETED
ORD-000557,CUST-0108,299.00,INR,2026-08-25T15:49:00+00:00,COMPLETED
ORD-000558,CUST-0109,2999.00,INR,2026-08-07T18:06:00+00:00,COMPLETED
ORD-000559,CUST-0110,299.00,INR,2026-08-14T21:23:00+00:00,COMPLETED
ORD-000560,CUST-0111,3499.00,INR,2026-08-21T00:40:00+00:00,COMPLETED
ORD-000561,CUST-0112,2499.00,INR,2026-08-03T03:57:00+00:00,COMPLETED
ORD-000562,CUST-0113,25000.00,INR,2026-08-10T06:14:00+00:00,COMPLETED
ORD-000563,CUST-0114,1499.50,INR,2026-08-17T09:31:00+00:00,COMPLETED
ORD-000564,CUST-0115,49999.00,INR,2026-08-24T12:48:00+00:00,COMPLETED
ORD-000565,CUST-0116,4999.00,INR,2026-08-06T15:05:00+00:00,COMPLETED
ORD-000566,CUST-0117,4999.00,INR,2026-08-13T18:22:00+00:00,COMPLETED
ORD-000567,CUST-0118,1299.00,INR,2026-08-20T21:39:00+00:00,COMPLETED
ORD-000568,CUST-0119,999.00,INR,2026-08-02T00:56:00+00:00,COMPLETED
ORD-000569,CUST-0120,25000.00,INR,2026-08-09T03:13:00+00:00,COMPLETED
ORD-000570,CUST-0121,25000.00,INR,2026-08-16T06:30:00+00:00,COMPLETED
ORD-000571,CUST-0122,999.00,INR,2026-08-23T09:47:00+00:00,COMPLETED
ORD-000572,CUST-0123,9999.00,INR,2026-08-05T12:04:00+00:00,COMPLETED
ORD-000573,CUST-0124,1499.50,INR,2026-08-12T15:21:00+00:00,COMPLETED
ORD-000574,CUST-0125,1999.00,INR,2026-08-19T18:38:00+00:00,COMPLETED
ORD-000575,CUST-0126,25000.00,INR,2026-08-01T21:55:00+00:00,COMPLETED
ORD-000576,CUST-0127,49999.00,INR,2026-08-08T00:12:00+00:00,COMPLETED
ORD-000577,CUST-0128,9999.00,INR,2026-08-15T03:29:00+00:00,COMPLETED
ORD-000578,CUST-0129,1999.00,INR,2026-08-22T06:46:00+00:00,COMPLETED
ORD-000579,CUST-0130,499.00,INR,2026-08-04T09:03:00+00:00,COMPLETED
ORD-000580,CUST-0131,49999.00,INR,2026-08-11T12:20:00+00:00,COMPLETED
ORD-000581,CUST-0132,299.00,INR,2026-08-18T15:37:00+00:00,COMPLETED
ORD-000582,CUST-0133,1299.00,INR,2026-08-25T18:54:00+00:00,COMPLETED
ORD-000583,CUST-0134,9999.00,INR,2026-08-07T21:11:00+00:00,COMPLETED
ORD-000584,CUST-0135,9999.00,INR,2026-08-14T00:28:00+00:00,COMPLETED
ORD-000585,CUST-0136,1999.00,INR,2026-08-21T03:45:00+00:00,COMPLETED
ORD-000586,CUST-0137,3499.00,INR,2026-08-03T06:02:00+00:00,COMPLETED
ORD-000587,CUST-0138,25000.00,INR,2026-08-10T09:19:00+00:00,COMPLETED
ORD-000588,CUST-0139,1299.00,INR,2026-08-17T12:36:00+00:00,COMPLETED
ORD-000589,CUST-0140,7500.00,INR,2026-08-24T15:53:00+00:00,COMPLETED
ORD-000590,CUST-0141,7500.00,INR,2026-08-06T18:10:00+00:00,COMPLETED
ORD-000591,CUST-0142,9999.00,INR,2026-08-13T21:27:00+00:00,COMPLETED
ORD-000592,CUST-0143,499.00,INR,2026-08-20T00:44:00+00:00,COMPLETED
ORD-000593,CUST-0144,49999.00,INR,2026-08-02T03:01:00+00:00,COMPLETED
ORD-000594,CUST-0145,1299.00,INR,2026-08-09T06:18:00+00:00,COMPLETED
ORD-000595,CUST-0146,1499.50,INR,2026-08-16T09:35:00+00:00,COMPLETED
ORD-000596,CUST-0147,4999.00,INR,2026-08-23T12:52:00+00:00,COMPLETED
ORD-000597,CUST-0148,49999.00,INR,2026-08-05T15:09:00+00:00,COMPLETED
ORD-000598,CUST-0149,4999.00,INR,2026-08-12T18:26:00+00:00,COMPLETED
ORD-000599,CUST-0150,3499.00,INR,2026-08-19T21:43:00+00:00,COMPLETED
ORD-000600,CUST-0001,2999.00,INR,2026-08-01T00:00:00+00:00,COMPLETED
ORD-000601,CUST-0002,49999.00,INR,2026-08-08T03:17:00+00:00,COMPLETED
ORD-000602,CUST-0003,9999.00,INR,2026-08-15T06:34:00+00:00,COMPLETED
ORD-000603,CUST-0004,499.00,INR,2026-08-22T09:51:00+00:00,COMPLETED
ORD-000604,CUST-0005,299.00,INR,2026-08-04T12:08:00+00:00,COMPLETED
ORD-000605,CUST-0006,14999.00,INR,2026-08-11T15:25:00+00:00,COMPLETED
ORD-000606,CUST-0007,1999.00,INR,2026-08-18T18:42:00+00:00,COMPLETED
ORD-000607,CUST-0008,49999.00,INR,2026-08-25T21:59:00+00:00,COMPLETED
ORD-000608,CUST-0009,1999.00,INR,2026-08-07T00:16:00+00:00,COMPLETED
ORD-000609,CUST-0010,9999.00,INR,2026-08-14T03:33:00+00:00,COMPLETED
ORD-000610,CUST-0011,25000.00,INR,2026-08-21T06:50:00+00:00,COMPLETED
ORD-000611,CUST-0012,7500.00,INR,2026-08-03T09:07:00+00:00,COMPLETED
ORD-000612,CUST-0013,1999.00,INR,2026-08-10T12:24:00+00:00,COMPLETED
ORD-000613,CUST-0014,3499.00,INR,2026-08-17T15:41:00+00:00,COMPLETED
ORD-000614,CUST-0015,3499.00,INR,2026-08-24T18:58:00+00:00,COMPLETED
ORD-000615,CUST-0016,4999.00,INR,2026-08-06T21:15:00+00:00,COMPLETED
ORD-000616,CUST-0017,2999.00,INR,2026-08-13T00:32:00+00:00,COMPLETED
ORD-000617,CUST-0018,9999.00,INR,2026-08-20T03:49:00+00:00,COMPLETED
ORD-000618,CUST-0019,1299.00,INR,2026-08-02T06:06:00+00:00,COMPLETED
ORD-000619,CUST-0020,3499.00,INR,2026-08-09T09:23:00+00:00,COMPLETED
ORD-000620,CUST-0021,25000.00,INR,2026-08-16T12:40:00+00:00,COMPLETED
ORD-000621,CUST-0022,1999.00,INR,2026-08-23T15:57:00+00:00,COMPLETED
ORD-000622,CUST-0023,2999.00,INR,2026-08-05T18:14:00+00:00,COMPLETED
ORD-000623,CUST-0024,999.00,INR,2026-08-12T21:31:00+00:00,COMPLETED
ORD-000624,CUST-0025,499.00,INR,2026-08-19T00:48:00+00:00,COMPLETED
ORD-000625,CUST-0026,499.00,INR,2026-08-01T03:05:00+00:00,COMPLETED
ORD-000626,CUST-0027,4999.00,INR,2026-08-08T06:22:00+00:00,COMPLETED
ORD-000627,CUST-0028,1299.00,INR,2026-08-15T09:39:00+00:00,COMPLETED
ORD-000628,CUST-0029,1499.50,INR,2026-08-22T12:56:00+00:00,COMPLETED
ORD-000629,CUST-0030,49999.00,INR,2026-08-04T15:13:00+00:00,COMPLETED
ORD-000630,CUST-0031,4999.00,INR,2026-08-11T18:30:00+00:00,COMPLETED
ORD-000631,CUST-0032,799.00,INR,2026-08-18T21:47:00+00:00,COMPLETED
ORD-000632,CUST-0033,499.00,INR,2026-08-25T00:04:00+00:00,COMPLETED
ORD-000633,CUST-0034,1499.50,INR,2026-08-07T03:21:00+00:00,COMPLETED
ORD-000634,CUST-0035,49999.00,INR,2026-08-14T06:38:00+00:00,COMPLETED
ORD-000635,CUST-0036,499.00,INR,2026-08-21T09:55:00+00:00,COMPLETED
ORD-000636,CUST-0037,999.00,INR,2026-08-03T12:12:00+00:00,COMPLETED
ORD-000637,CUST-0038,25000.00,INR,2026-08-10T15:29:00+00:00,COMPLETED
ORD-000638,CUST-0039,25000.00,INR,2026-08-17T18:46:00+00:00,COMPLETED
ORD-000639,CUST-0040,999.00,INR,2026-08-24T21:03:00+00:00,COMPLETED
ORD-000640,CUST-0041,25000.00,INR,2026-08-06T00:20:00+00:00,COMPLETED
ORD-000641,CUST-0042,299.00,INR,2026-08-13T03:37:00+00:00,COMPLETED
ORD-000642,CUST-0043,1999.00,INR,2026-08-20T06:54:00+00:00,COMPLETED
ORD-000643,CUST-0044,14999.00,INR,2026-08-02T09:11:00+00:00,COMPLETED
ORD-000644,CUST-0045,9999.00,INR,2026-08-09T12:28:00+00:00,COMPLETED
ORD-000645,CUST-0046,1299.00,INR,2026-08-16T15:45:00+00:00,COMPLETED
ORD-000646,CUST-0047,2499.00,INR,2026-08-23T18:02:00+00:00,COMPLETED
ORD-000647,CUST-0048,9999.00,INR,2026-08-05T21:19:00+00:00,COMPLETED
ORD-000648,CUST-0049,2999.00,INR,2026-08-12T00:36:00+00:00,COMPLETED
ORD-000649,CUST-0050,299.00,INR,2026-08-19T03:53:00+00:00,COMPLETED
ORD-000650,CUST-0051,2499.00,INR,2026-08-01T06:10:00+00:00,COMPLETED
ORD-000651,CUST-0052,25000.00,INR,2026-08-08T09:27:00+00:00,COMPLETED
ORD-000652,CUST-0053,9999.00,INR,2026-08-15T12:44:00+00:00,COMPLETED
ORD-000653,CUST-0054,3499.00,INR,2026-08-22T15:01:00+00:00,COMPLETED
ORD-000654,CUST-0055,2499.00,INR,2026-08-04T18:18:00+00:00,COMPLETED
ORD-000655,CUST-0056,1299.00,INR,2026-08-11T21:35:00+00:00,COMPLETED
ORD-000656,CUST-0057,14999.00,INR,2026-08-18T00:52:00+00:00,COMPLETED
ORD-000657,CUST-0058,1999.00,INR,2026-08-25T03:09:00+00:00,COMPLETED
ORD-000658,CUST-0059,25000.00,INR,2026-08-07T06:26:00+00:00,COMPLETED
ORD-000659,CUST-0060,999.00,INR,2026-08-14T09:43:00+00:00,COMPLETED
ORD-000660,CUST-0061,1999.00,INR,2026-08-21T12:00:00+00:00,COMPLETED
ORD-000661,CUST-0062,4999.00,INR,2026-08-03T15:17:00+00:00,COMPLETED
ORD-000662,CUST-0063,1999.00,INR,2026-08-10T18:34:00+00:00,COMPLETED
ORD-000663,CUST-0064,25000.00,INR,2026-08-17T21:51:00+00:00,COMPLETED
ORD-000664,CUST-0065,1299.00,INR,2026-08-24T00:08:00+00:00,COMPLETED
ORD-000665,CUST-0066,499.00,INR,2026-08-06T03:25:00+00:00,COMPLETED
ORD-000666,CUST-0067,299.00,INR,2026-08-13T06:42:00+00:00,COMPLETED
ORD-000667,CUST-0068,299.00,INR,2026-08-20T09:59:00+00:00,COMPLETED
ORD-000668,CUST-0069,499.00,INR,2026-08-02T12:16:00+00:00,COMPLETED
ORD-000669,CUST-0070,799.00,INR,2026-08-09T15:33:00+00:00,COMPLETED
ORD-000670,CUST-0071,49999.00,INR,2026-08-16T18:50:00+00:00,COMPLETED
ORD-000671,CUST-0072,14999.00,INR,2026-08-23T21:07:00+00:00,COMPLETED
ORD-000672,CUST-0073,14999.00,INR,2026-08-05T00:24:00+00:00,COMPLETED
ORD-000673,CUST-0074,25000.00,INR,2026-08-12T03:41:00+00:00,COMPLETED
ORD-000674,CUST-0075,799.00,INR,2026-08-19T06:58:00+00:00,COMPLETED
ORD-000675,CUST-0076,999.00,INR,2026-08-01T09:15:00+00:00,COMPLETED
ORD-000676,CUST-0077,9999.00,INR,2026-08-08T12:32:00+00:00,COMPLETED
ORD-000677,CUST-0078,299.00,INR,2026-08-15T15:49:00+00:00,COMPLETED
ORD-000678,CUST-0079,25000.00,INR,2026-08-22T18:06:00+00:00,COMPLETED
ORD-000679,CUST-0080,9999.00,INR,2026-08-04T21:23:00+00:00,COMPLETED
ORD-000680,CUST-0081,25000.00,INR,2026-08-11T00:40:00+00:00,COMPLETED
ORD-000681,CUST-0082,2999.00,INR,2026-08-18T03:57:00+00:00,COMPLETED
ORD-000682,CUST-0083,499.00,INR,2026-08-25T06:14:00+00:00,COMPLETED
ORD-000683,CUST-0084,2499.00,INR,2026-08-07T09:31:00+00:00,COMPLETED
ORD-000684,CUST-0085,999.00,INR,2026-08-14T12:48:00+00:00,COMPLETED
ORD-000685,CUST-0086,499.00,INR,2026-08-21T15:05:00+00:00,COMPLETED
ORD-000686,CUST-0087,9999.00,INR,2026-08-03T18:22:00+00:00,COMPLETED
ORD-000687,CUST-0088,1999.00,INR,2026-08-10T21:39:00+00:00,COMPLETED
ORD-000688,CUST-0089,3499.00,INR,2026-08-17T00:56:00+00:00,COMPLETED
ORD-000689,CUST-0090,4999.00,INR,2026-08-24T03:13:00+00:00,COMPLETED
ORD-000690,CUST-0091,1299.00,INR,2026-08-06T06:30:00+00:00,COMPLETED
ORD-000691,CUST-0092,3499.00,INR,2026-08-13T09:47:00+00:00,COMPLETED
ORD-000692,CUST-0093,1499.50,INR,2026-08-20T12:04:00+00:00,COMPLETED
ORD-000693,CUST-0094,49999.00,INR,2026-08-02T15:21:00+00:00,COMPLETED
ORD-000694,CUST-0095,9999.00,INR,2026-08-09T18:38:00+00:00,COMPLETED
ORD-000695,CUST-0096,14999.00,INR,2026-08-16T21:55:00+00:00,COMPLETED
ORD-000696,CUST-0097,9999.00,INR,2026-08-23T00:12:00+00:00,COMPLETED
ORD-000697,CUST-0098,49999.00,INR,2026-08-05T03:29:00+00:00,COMPLETED
ORD-000698,CUST-0099,3499.00,INR,2026-08-12T06:46:00+00:00,COMPLETED
ORD-000699,CUST-0100,499.00,INR,2026-08-19T09:03:00+00:00,COMPLETED
ORD-000700,CUST-0101,1299.00,INR,2026-08-01T12:20:00+00:00,COMPLETED
ORD-000701,CUST-0102,2999.00,INR,2026-08-08T15:37:00+00:00,COMPLETED
ORD-000702,CUST-0103,799.00,INR,2026-08-15T18:54:00+00:00,COMPLETED
ORD-000703,CUST-0104,799.00,INR,2026-08-22T21:11:00+00:00,COMPLETED
ORD-000704,CUST-0105,2999.00,INR,2026-08-04T00:28:00+00:00,COMPLETED
ORD-000705,CUST-0106,799.00,INR,2026-08-11T03:45:00+00:00,COMPLETED
ORD-000706,CUST-0107,1999.00,INR,2026-08-18T06:02:00+00:00,COMPLETED
ORD-000707,CUST-0108,4999.00,INR,2026-08-25T09:19:00+00:00,COMPLETED
ORD-000708,CUST-0109,1999.00,INR,2026-08-07T12:36:00+00:00,COMPLETED
ORD-000709,CUST-0110,49999.00,INR,2026-08-14T15:53:00+00:00,COMPLETED
ORD-000710,CUST-0111,9999.00,INR,2026-08-21T18:10:00+00:00,COMPLETED
ORD-000711,CUST-0112,4999.00,INR,2026-08-03T21:27:00+00:00,COMPLETED
ORD-000712,CUST-0113,25000.00,INR,2026-08-10T00:44:00+00:00,COMPLETED
ORD-000713,CUST-0114,2999.00,INR,2026-08-17T03:01:00+00:00,COMPLETED
ORD-000714,CUST-0115,49999.00,INR,2026-08-24T06:18:00+00:00,COMPLETED
ORD-000715,CUST-0116,49999.00,INR,2026-08-06T09:35:00+00:00,COMPLETED
ORD-000716,CUST-0117,7500.00,INR,2026-08-13T12:52:00+00:00,COMPLETED
ORD-000717,CUST-0118,499.00,INR,2026-08-20T15:09:00+00:00,COMPLETED
ORD-000718,CUST-0119,299.00,INR,2026-08-02T18:26:00+00:00,COMPLETED
ORD-000719,CUST-0120,14999.00,INR,2026-08-09T21:43:00+00:00,COMPLETED
ORD-000720,CUST-0121,1999.00,INR,2026-08-16T00:00:00+00:00,COMPLETED
ORD-000721,CUST-0122,9999.00,INR,2026-08-06T10:15:00+00:00,COMPLETED
ORD-000722,CUST-0123,49999.00,INR,2026-08-11T10:15:00+00:00,COMPLETED
ORD-000723,CUST-0124,2999.00,INR,2026-08-16T10:15:00+00:00,COMPLETED
ORD-000724,CUST-0125,49999.00,INR,2026-08-21T10:15:00+00:00,COMPLETED
ORD-000725,CUST-0126,1499.50,INR,2026-08-01T10:15:00+00:00,COMPLETED
ORD-000726,CUST-0127,1499.50,INR,2026-08-06T10:15:00+00:00,COMPLETED
ORD-000727,CUST-0128,49999.00,INR,2026-08-11T10:15:00+00:00,COMPLETED
ORD-000728,CUST-0129,499.00,INR,2026-08-16T10:15:00+00:00,COMPLETED
ORD-000729,CUST-0130,799.00,INR,2026-08-21T10:15:00+00:00,COMPLETED
ORD-000730,CUST-0131,299.00,INR,2026-08-01T10:15:00+00:00,COMPLETED
ORD-000731,CUST-0132,1299.00,INR,2026-08-06T10:15:00+00:00,COMPLETED
ORD-000732,CUST-0133,799.00,INR,2026-08-11T10:15:00+00:00,COMPLETED
ORD-000733,CUST-0134,299.00,INR,2026-08-16T10:15:00+00:00,COMPLETED
ORD-000734,CUST-0135,25000.00,INR,2026-08-21T10:15:00+00:00,COMPLETED
ORD-000735,CUST-0136,499.00,INR,2026-08-01T10:15:00+00:00,COMPLETED
ORD-000736,CUST-0137,49999.00,INR,2026-08-06T10:15:00+00:00,COMPLETED
ORD-000737,CUST-0138,299.00,INR,2026-08-11T10:15:00+00:00,COMPLETED
ORD-000738,CUST-0139,299.00,INR,2026-08-16T10:15:00+00:00,COMPLETED
ORD-000739,CUST-0140,2999.00,INR,2026-08-21T10:15:00+00:00,COMPLETED
ORD-000740,CUST-0141,299.00,INR,2026-08-01T10:15:00+00:00,COMPLETED
ORD-000741,CUST-0142,1499.50,INR,2026-08-06T10:15:00+00:00,COMPLETED
ORD-000742,CUST-0143,999.00,INR,2026-08-11T10:15:00+00:00,COMPLETED
ORD-000743,CUST-0144,2499.00,INR,2026-08-16T10:15:00+00:00,COMPLETED
ORD-000744,CUST-0145,2999.00,INR,2026-08-21T10:15:00+00:00,COMPLETED
ORD-000745,CUST-0146,2999.00,INR,2026-08-01T10:15:00+00:00,COMPLETED
ORD-000746,CUST-0147,799.00,INR,2026-08-06T10:15:00+00:00,COMPLETED
ORD-000747,CUST-0148,9999.00,INR,2026-08-11T10:15:00+00:00,COMPLETED
ORD-000748,CUST-0149,2499.00,INR,2026-08-16T10:15:00+00:00,COMPLETED
ORD-000749,CUST-0150,3499.00,INR,2026-08-21T10:15:00+00:00,COMPLETED
ORD-000750,CUST-0001,499.00,INR,2026-08-01T10:15:00+00:00,COMPLETED
ORD-000751,CUST-0002,9999.00,INR,2026-08-06T10:15:00+00:00,COMPLETED
ORD-000752,CUST-0003,9999.00,INR,2026-08-11T10:15:00+00:00,COMPLETED
ORD-000753,CUST-0004,499.00,INR,2026-08-16T10:15:00+00:00,COMPLETED
ORD-000754,CUST-0005,1499.50,INR,2026-08-21T10:15:00+00:00,COMPLETED
ORD-000755,CUST-0006,49999.00,INR,2026-08-01T10:15:00+00:00,COMPLETED
ORD-000756,CUST-0007,4999.00,INR,2026-08-06T10:15:00+00:00,COMPLETED
ORD-000757,CUST-0008,499.00,INR,2026-08-11T10:15:00+00:00,COMPLETED
ORD-000758,CUST-0009,1999.00,INR,2026-08-16T10:15:00+00:00,COMPLETED
ORD-000759,CUST-0010,2999.00,INR,2026-08-21T10:15:00+00:00,COMPLETED
ORD-000760,CUST-0011,799.00,INR,2026-08-01T10:15:00+00:00,COMPLETED
ORD-000761,CUST-0012,499.00,INR,2026-08-06T10:15:00+00:00,COMPLETED
ORD-000762,CUST-0013,4999.00,INR,2026-08-11T10:15:00+00:00,COMPLETED
ORD-000763,CUST-0014,1999.00,INR,2026-08-16T10:15:00+00:00,COMPLETED
ORD-000764,CUST-0015,9999.00,INR,2026-08-21T10:15:00+00:00,COMPLETED
ORD-000765,CUST-0016,3499.00,INR,2026-08-01T10:15:00+00:00,COMPLETED
ORD-000766,CUST-0017,2499.00,INR,2026-08-06T10:15:00+00:00,COMPLETED
ORD-000767,CUST-0018,4999.00,INR,2026-08-11T10:15:00+00:00,COMPLETED
ORD-000768,CUST-0019,1299.00,INR,2026-08-16T10:15:00+00:00,COMPLETED
ORD-000769,CUST-0020,7500.00,INR,2026-08-21T10:15:00+00:00,COMPLETED
ORD-000770,CUST-0021,999.00,INR,2026-08-01T10:15:00+00:00,COMPLETED
ORD-000771,CUST-0022,2499.00,INR,2026-08-06T10:15:00+00:00,COMPLETED
ORD-000772,CUST-0023,4999.00,INR,2026-08-11T10:15:00+00:00,COMPLETED
ORD-000773,CUST-0024,4999.00,INR,2026-08-16T10:15:00+00:00,COMPLETED
ORD-000774,CUST-0025,2999.00,INR,2026-08-21T10:15:00+00:00,COMPLETED
ORD-000775,CUST-0026,49999.00,INR,2026-08-01T10:15:00+00:00,COMPLETED
ORD-000776,CUST-0027,7500.00,INR,2026-08-06T10:15:00+00:00,COMPLETED
ORD-000777,CUST-0028,14999.00,INR,2026-08-11T10:15:00+00:00,COMPLETED
ORD-000778,CUST-0029,9999.00,INR,2026-08-16T10:15:00+00:00,COMPLETED
ORD-000779,CUST-0030,3499.00,INR,2026-08-21T10:15:00+00:00,COMPLETED
ORD-000780,CUST-0031,799.00,INR,2026-08-01T10:15:00+00:00,COMPLETED
ORD-000781,CUST-0032,4999.00,INR,2026-08-13T14:20:00+00:00,COMPLETED
ORD-000782,CUST-0033,4999.00,INR,2026-08-15T14:20:00+00:00,COMPLETED
ORD-000783,CUST-0034,4999.00,INR,2026-08-17T14:20:00+00:00,COMPLETED
ORD-000784,CUST-0035,4999.00,INR,2026-08-19T14:20:00+00:00,COMPLETED
ORD-000785,CUST-0036,4999.00,INR,2026-08-21T14:20:00+00:00,COMPLETED
ORD-000786,CUST-0037,4999.00,INR,2026-08-23T14:20:00+00:00,COMPLETED
ORD-000787,CUST-0038,4999.00,INR,2026-08-25T14:20:00+00:00,COMPLETED
ORD-000788,CUST-0039,4999.00,INR,2026-08-02T14:20:00+00:00,COMPLETED
ORD-000789,CUST-0040,4999.00,INR,2026-08-04T14:20:00+00:00,COMPLETED
ORD-000790,CUST-0041,4999.00,INR,2026-08-06T14:20:00+00:00,COMPLETED
ORD-000791,CUST-0042,4999.00,INR,2026-08-08T14:20:00+00:00,COMPLETED
ORD-000792,CUST-0043,4999.00,INR,2026-08-10T14:20:00+00:00,COMPLETED
ORD-000793,CUST-0044,4999.00,INR,2026-08-12T14:20:00+00:00,COMPLETED
ORD-000794,CUST-0045,4999.00,INR,2026-08-14T14:20:00+00:00,COMPLETED
ORD-000795,CUST-0046,4999.00,INR,2026-08-16T14:20:00+00:00,COMPLETED
ORD-000796,CUST-0047,4999.00,INR,2026-08-18T14:20:00+00:00,COMPLETED
ORD-000797,CUST-0048,4999.00,INR,2026-08-20T14:20:00+00:00,COMPLETED
ORD-000798,CUST-0049,4999.00,INR,2026-08-22T14:20:00+00:00,COMPLETED
ORD-000799,CUST-0050,4999.00,INR,2026-08-24T14:20:00+00:00,COMPLETED
ORD-000800,CUST-0051,4999.00,INR,2026-08-01T14:20:00+00:00,COMPLETED
ORD-000801,CUST-0052,4999.00,INR,2026-08-03T14:20:00+00:00,COMPLETED
ORD-000802,CUST-0053,4999.00,INR,2026-08-05T14:20:00+00:00,COMPLETED
ORD-000803,CUST-0054,4999.00,INR,2026-08-07T14:20:00+00:00,COMPLETED
ORD-000804,CUST-0055,4999.00,INR,2026-08-09T14:20:00+00:00,COMPLETED
ORD-000805,CUST-0056,4999.00,INR,2026-08-11T14:20:00+00:00,COMPLETED
ORD-000806,CUST-0057,4999.00,INR,2026-08-13T14:20:00+00:00,COMPLETED
ORD-000807,CUST-0058,4999.00,INR,2026-08-15T14:20:00+00:00,COMPLETED
ORD-000808,CUST-0059,4999.00,INR,2026-08-17T14:20:00+00:00,COMPLETED
ORD-000809,CUST-0060,4999.00,INR,2026-08-19T14:20:00+00:00,COMPLETED
ORD-000810,CUST-0061,4999.00,INR,2026-08-21T14:20:00+00:00,COMPLETED
ORD-000811,CUST-0062,2999.00,INR,2026-08-02T11:10:00+00:00,COMPLETED
ORD-000812,CUST-0063,1299.00,INR,2026-08-03T11:10:00+00:00,COMPLETED
ORD-000813,CUST-0064,9999.00,INR,2026-08-04T11:10:00+00:00,COMPLETED
ORD-000814,CUST-0065,1299.00,INR,2026-08-05T11:10:00+00:00,COMPLETED
ORD-000815,CUST-0066,9999.00,INR,2026-08-06T11:10:00+00:00,COMPLETED
ORD-000816,CUST-0067,4999.00,INR,2026-08-07T11:10:00+00:00,COMPLETED
ORD-000817,CUST-0068,7500.00,INR,2026-08-08T11:10:00+00:00,COMPLETED
ORD-000818,CUST-0069,999.00,INR,2026-08-09T11:10:00+00:00,COMPLETED
ORD-000819,CUST-0070,799.00,INR,2026-08-10T11:10:00+00:00,COMPLETED
ORD-000820,CUST-0071,299.00,INR,2026-08-01T11:10:00+00:00,COMPLETED
ORD-000821,CUST-0072,3499.00,INR,2026-08-02T11:10:00+00:00,COMPLETED
ORD-000822,CUST-0073,25000.00,INR,2026-08-03T11:10:00+00:00,COMPLETED
ORD-000823,CUST-0074,7500.00,INR,2026-08-04T11:10:00+00:00,COMPLETED
ORD-000824,CUST-0075,2999.00,INR,2026-08-05T11:10:00+00:00,COMPLETED
ORD-000825,CUST-0076,999.00,INR,2026-08-06T11:10:00+00:00,COMPLETED
ORD-000826,CUST-0077,1299.00,INR,2026-08-07T11:10:00+00:00,COMPLETED
ORD-000827,CUST-0078,799.00,INR,2026-08-08T11:10:00+00:00,COMPLETED
ORD-000828,CUST-0079,1499.50,INR,2026-08-09T11:10:00+00:00,COMPLETED
ORD-000829,CUST-0080,14999.00,INR,2026-08-10T11:10:00+00:00,COMPLETED
ORD-000830,CUST-0081,25000.00,INR,2026-08-01T11:10:00+00:00,COMPLETED
ORD-000831,CUST-0082,14999.00,INR,2026-08-02T11:10:00+00:00,COMPLETED
ORD-000832,CUST-0083,999.00,INR,2026-08-03T11:10:00+00:00,COMPLETED
ORD-000833,CUST-0084,299.00,INR,2026-08-04T11:10:00+00:00,COMPLETED
ORD-000834,CUST-0085,799.00,INR,2026-08-05T11:10:00+00:00,COMPLETED
ORD-000835,CUST-0086,7500.00,INR,2026-08-06T11:10:00+00:00,COMPLETED
ORD-000836,CUST-0087,799.00,INR,2026-08-07T11:10:00+00:00,COMPLETED
ORD-000837,CUST-0088,4999.00,INR,2026-08-08T11:10:00+00:00,COMPLETED
ORD-000838,CUST-0089,9999.00,INR,2026-08-09T11:10:00+00:00,COMPLETED
ORD-000839,CUST-0090,299.00,INR,2026-08-10T11:10:00+00:00,COMPLETED
ORD-000840,CUST-0091,3499.00,INR,2026-08-01T11:10:00+00:00,COMPLETED
ORD-000841,CUST-0092,14999.00,INR,2026-08-24T09:45:00+00:00,COMPLETED
ORD-000842,CUST-0093,9999.00,INR,2026-08-02T09:45:00+00:00,COMPLETED
ORD-000843,CUST-0094,799.00,INR,2026-08-05T09:45:00+00:00,COMPLETED
ORD-000844,CUST-0095,2499.00,INR,2026-08-08T09:45:00+00:00,COMPLETED
ORD-000845,CUST-0096,1499.50,INR,2026-08-11T09:45:00+00:00,COMPLETED
ORD-000846,CUST-0097,9999.00,INR,2026-08-14T09:45:00+00:00,COMPLETED
ORD-000847,CUST-0098,1499.50,INR,2026-08-17T09:45:00+00:00,COMPLETED
ORD-000848,CUST-0099,1299.00,INR,2026-08-20T09:45:00+00:00,COMPLETED
ORD-000849,CUST-0100,2999.00,INR,2026-08-23T09:45:00+00:00,COMPLETED
ORD-000850,CUST-0101,3499.00,INR,2026-08-01T09:45:00+00:00,COMPLETED
ORD-000851,CUST-0102,2999.00,INR,2026-08-04T09:45:00+00:00,COMPLETED
ORD-000852,CUST-0103,49999.00,INR,2026-08-07T09:45:00+00:00,COMPLETED
ORD-000853,CUST-0104,1299.00,INR,2026-08-10T09:45:00+00:00,COMPLETED
ORD-000854,CUST-0105,799.00,INR,2026-08-13T09:45:00+00:00,COMPLETED
ORD-000855,CUST-0106,1499.50,INR,2026-08-16T09:45:00+00:00,COMPLETED
ORD-000856,CUST-0107,14999.00,INR,2026-08-19T09:45:00+00:00,COMPLETED
ORD-000857,CUST-0108,2999.00,INR,2026-08-22T09:45:00+00:00,COMPLETED
ORD-000858,CUST-0109,14999.00,INR,2026-08-25T09:45:00+00:00,COMPLETED
ORD-000859,CUST-0110,3499.00,INR,2026-08-03T09:45:00+00:00,COMPLETED
ORD-000860,CUST-0111,49999.00,INR,2026-08-06T09:45:00+00:00,COMPLETED
ORD-000861,CUST-0112,799.00,INR,2026-08-09T09:45:00+00:00,COMPLETED
ORD-000862,CUST-0113,7500.00,INR,2026-08-12T09:45:00+00:00,COMPLETED
ORD-000863,CUST-0114,2999.00,INR,2026-08-15T09:45:00+00:00,COMPLETED
ORD-000864,CUST-0115,2499.00,INR,2026-08-18T09:45:00+00:00,COMPLETED
ORD-000865,CUST-0116,49999.00,INR,2026-08-21T09:45:00+00:00,COMPLETED
ORD-000866,CUST-0117,1999.00,INR,2026-08-24T09:45:00+00:00,COMPLETED
ORD-000867,CUST-0118,25000.00,INR,2026-08-02T09:45:00+00:00,COMPLETED
ORD-000868,CUST-0119,999.00,INR,2026-08-05T09:45:00+00:00,COMPLETED
ORD-000869,CUST-0120,1299.00,INR,2026-08-08T09:45:00+00:00,COMPLETED
ORD-000870,CUST-0121,3499.00,INR,2026-08-11T09:45:00+00:00,COMPLETED
ORD-000871,CUST-0122,299.00,INR,2026-08-05T16:30:00+00:00,COMPLETED
ORD-000872,CUST-0123,9999.00,INR,2026-08-09T16:30:00+00:00,COMPLETED
ORD-000873,CUST-0124,4999.00,INR,2026-08-13T16:30:00+00:00,COMPLETED
ORD-000874,CUST-0125,9999.00,INR,2026-08-17T16:30:00+00:00,COMPLETED
ORD-000875,CUST-0126,4999.00,INR,2026-08-01T16:30:00+00:00,COMPLETED
ORD-000876,CUST-0127,25000.00,INR,2026-08-05T16:30:00+00:00,COMPLETED
ORD-000877,CUST-0128,4999.00,INR,2026-08-09T16:30:00+00:00,COMPLETED
ORD-000878,CUST-0129,14999.00,INR,2026-08-13T16:30:00+00:00,COMPLETED
ORD-000879,CUST-0130,1299.00,INR,2026-08-17T16:30:00+00:00,COMPLETED
ORD-000880,CUST-0131,3499.00,INR,2026-08-01T16:30:00+00:00,COMPLETED
ORD-000881,CUST-0132,4999.00,INR,2026-08-05T16:30:00+00:00,COMPLETED
ORD-000882,CUST-0133,1999.00,INR,2026-08-09T16:30:00+00:00,COMPLETED
ORD-000883,CUST-0134,49999.00,INR,2026-08-13T16:30:00+00:00,COMPLETED
ORD-000884,CUST-0135,4999.00,INR,2026-08-17T16:30:00+00:00,COMPLETED
ORD-000885,CUST-0136,1499.50,INR,2026-08-01T16:30:00+00:00,COMPLETED
ORD-000886,CUST-0137,9999.00,INR,2026-08-05T16:30:00+00:00,COMPLETED
ORD-000887,CUST-0138,4999.00,INR,2026-08-09T16:30:00+00:00,COMPLETED
ORD-000888,CUST-0139,3499.00,INR,2026-08-13T16:30:00+00:00,COMPLETED
ORD-000889,CUST-0140,49999.00,INR,2026-08-17T16:30:00+00:00,COMPLETED
ORD-000890,CUST-0141,2499.00,INR,2026-08-01T16:30:00+00:00,COMPLETED
ORD-000891,CUST-0142,4999.00,INR,2026-08-05T16:30:00+00:00,COMPLETED
ORD-000892,CUST-0143,9999.00,INR,2026-08-09T16:30:00+00:00,COMPLETED
ORD-000893,CUST-0144,2999.00,INR,2026-08-13T16:30:00+00:00,COMPLETED
ORD-000894,CUST-0145,9999.00,INR,2026-08-17T16:30:00+00:00,COMPLETED
ORD-000895,CUST-0146,7500.00,INR,2026-08-01T16:30:00+00:00,COMPLETED
ORD-000896,CUST-0147,999.00,INR,2026-08-05T16:30:00+00:00,COMPLETED
ORD-000897,CUST-0148,1999.00,INR,2026-08-09T16:30:00+00:00,COMPLETED
ORD-000898,CUST-0149,1499.50,INR,2026-08-13T16:30:00+00:00,COMPLETED
ORD-000899,CUST-0150,299.00,INR,2026-08-17T16:30:00+00:00,COMPLETED
ORD-000900,CUST-0001,25000.00,INR,2026-08-01T16:30:00+00:00,COMPLETED
ORD-000901,CUST-0002,1499.50,INR,2026-08-03T12:00:00+00:00,COMPLETED
ORD-000902,CUST-0003,1499.50,INR,2026-08-05T12:00:00+00:00,COMPLETED
ORD-000903,CUST-0004,1499.50,INR,2026-08-07T12:00:00+00:00,COMPLETED
ORD-000904,CUST-0005,1499.50,INR,2026-08-09T12:00:00+00:00,COMPLETED
ORD-000905,CUST-0006,1499.50,INR,2026-08-11T12:00:00+00:00,COMPLETED
ORD-000906,CUST-0007,1499.50,INR,2026-08-13T12:00:00+00:00,COMPLETED
ORD-000907,CUST-0008,1499.50,INR,2026-08-15T12:00:00+00:00,COMPLETED
ORD-000908,CUST-0009,1499.50,INR,2026-08-17T12:00:00+00:00,COMPLETED
ORD-000909,CUST-0010,1499.50,INR,2026-08-19T12:00:00+00:00,COMPLETED
ORD-000910,CUST-0011,1499.50,INR,2026-08-21T12:00:00+00:00,COMPLETED
ORD-000911,CUST-0012,1499.50,INR,2026-08-23T12:00:00+00:00,COMPLETED
ORD-000912,CUST-0013,1499.50,INR,2026-08-25T12:00:00+00:00,COMPLETED
ORD-000913,CUST-0014,1499.50,INR,2026-08-02T12:00:00+00:00,COMPLETED
ORD-000914,CUST-0015,1499.50,INR,2026-08-04T12:00:00+00:00,COMPLETED
ORD-000915,CUST-0016,1499.50,INR,2026-08-06T12:00:00+00:00,COMPLETED
ORD-000916,CUST-0017,1499.50,INR,2026-08-08T12:00:00+00:00,COMPLETED
ORD-000917,CUST-0018,1499.50,INR,2026-08-10T12:00:00+00:00,COMPLETED
ORD-000918,CUST-0019,1499.50,INR,2026-08-12T12:00:00+00:00,COMPLETED
ORD-000919,CUST-0020,1499.50,INR,2026-08-14T12:00:00+00:00,COMPLETED
ORD-000920,CUST-0021,1499.50,INR,2026-08-16T12:00:00+00:00,COMPLETED
ORD-000921,CUST-0022,1999.00,INR,2026-08-14T15:30:00+00:00,COMPLETED
ORD-000922,CUST-0023,25000.00,INR,2026-08-17T15:30:00+00:00,COMPLETED
ORD-000923,CUST-0024,3499.00,INR,2026-08-20T15:30:00+00:00,COMPLETED
ORD-000924,CUST-0025,799.00,INR,2026-08-23T15:30:00+00:00,COMPLETED
ORD-000925,CUST-0026,14999.00,INR,2026-08-01T15:30:00+00:00,COMPLETED
ORD-000926,CUST-0027,49999.00,INR,2026-08-04T15:30:00+00:00,COMPLETED
ORD-000927,CUST-0028,1299.00,INR,2026-08-07T15:30:00+00:00,COMPLETED
ORD-000928,CUST-0029,3499.00,INR,2026-08-10T15:30:00+00:00,COMPLETED
ORD-000929,CUST-0030,2499.00,INR,2026-08-13T15:30:00+00:00,COMPLETED
ORD-000930,CUST-0031,2999.00,INR,2026-08-16T15:30:00+00:00,COMPLETED
ORD-000931,CUST-0032,1299.00,INR,2026-08-19T15:30:00+00:00,COMPLETED
ORD-000932,CUST-0033,14999.00,INR,2026-08-22T15:30:00+00:00,COMPLETED
ORD-000933,CUST-0034,9999.00,INR,2026-08-25T15:30:00+00:00,COMPLETED
ORD-000934,CUST-0035,799.00,INR,2026-08-03T15:30:00+00:00,COMPLETED
ORD-000935,CUST-0036,25000.00,INR,2026-08-06T15:30:00+00:00,COMPLETED
ORD-000936,CUST-0037,49999.00,INR,2026-08-09T15:30:00+00:00,COMPLETED
ORD-000937,CUST-0038,9999.00,INR,2026-08-12T15:30:00+00:00,COMPLETED
ORD-000938,CUST-0039,14999.00,INR,2026-08-15T15:30:00+00:00,COMPLETED
ORD-000939,CUST-0040,499.00,INR,2026-08-18T15:30:00+00:00,COMPLETED
ORD-000940,CUST-0041,7500.00,INR,2026-08-21T15:30:00+00:00,COMPLETED
ORD-000941,CUST-0042,799.00,INR,2026-08-15T08:10:00+00:00,COMPLETED
ORD-000942,CUST-0043,999.00,INR,2026-08-19T08:10:00+00:00,COMPLETED
ORD-000943,CUST-0044,2499.00,INR,2026-08-23T08:10:00+00:00,COMPLETED
ORD-000944,CUST-0045,7500.00,INR,2026-08-02T08:10:00+00:00,COMPLETED
ORD-000945,CUST-0046,1499.50,INR,2026-08-06T08:10:00+00:00,COMPLETED
ORD-000946,CUST-0047,499.00,INR,2026-08-10T08:10:00+00:00,COMPLETED
ORD-000947,CUST-0048,9999.00,INR,2026-08-14T08:10:00+00:00,COMPLETED
ORD-000948,CUST-0049,4999.00,INR,2026-08-18T08:10:00+00:00,COMPLETED
ORD-000949,CUST-0050,14999.00,INR,2026-08-22T08:10:00+00:00,COMPLETED
ORD-000950,CUST-0051,999.00,INR,2026-08-01T08:10:00+00:00,COMPLETED
ORD-000951,CUST-0052,2499.00,INR,2026-08-03T18:20:00+00:00,COMPLETED
ORD-000952,CUST-0053,2499.00,INR,2026-08-05T18:20:00+00:00,COMPLETED
ORD-000953,CUST-0054,2499.00,INR,2026-08-07T18:20:00+00:00,COMPLETED
ORD-000954,CUST-0055,2499.00,INR,2026-08-09T18:20:00+00:00,COMPLETED
ORD-000955,CUST-0056,2499.00,INR,2026-08-11T18:20:00+00:00,COMPLETED
ORD-000956,CUST-0057,2499.00,INR,2026-08-13T18:20:00+00:00,COMPLETED
ORD-000957,CUST-0058,2499.00,INR,2026-08-15T18:20:00+00:00,COMPLETED
ORD-000958,CUST-0059,2499.00,INR,2026-08-17T18:20:00+00:00,COMPLETED
ORD-000959,CUST-0060,2499.00,INR,2026-08-19T18:20:00+00:00,COMPLETED
ORD-000960,CUST-0061,2499.00,INR,2026-08-21T18:20:00+00:00,COMPLETED
ORD-000961,CUST-0062,2499.00,INR,2026-08-23T18:20:00+00:00,COMPLETED
ORD-000962,CUST-0063,2499.00,INR,2026-08-25T18:20:00+00:00,COMPLETED
ORD-000963,CUST-0064,2499.00,INR,2026-08-02T18:20:00+00:00,COMPLETED
ORD-000964,CUST-0065,2499.00,INR,2026-08-04T18:20:00+00:00,COMPLETED
ORD-000965,CUST-0066,2499.00,INR,2026-08-06T18:20:00+00:00,COMPLETED
ORD-000966,CUST-0067,2499.00,INR,2026-08-08T18:20:00+00:00,COMPLETED
ORD-000967,CUST-0068,2499.00,INR,2026-08-10T18:20:00+00:00,COMPLETED
ORD-000968,CUST-0069,2499.00,INR,2026-08-12T18:20:00+00:00,COMPLETED
ORD-000969,CUST-0070,2499.00,INR,2026-08-14T18:20:00+00:00,COMPLETED
ORD-000970,CUST-0071,2499.00,INR,2026-08-16T18:20:00+00:00,COMPLETED
ORD-000971,CUST-0072,9999.00,INR,2026-08-06T20:45:00+00:00,ABANDONED
ORD-000972,CUST-0073,9999.00,INR,2026-08-11T20:45:00+00:00,ABANDONED
ORD-000973,CUST-0074,9999.00,INR,2026-08-16T20:45:00+00:00,ABANDONED
ORD-000974,CUST-0075,9999.00,INR,2026-08-21T20:45:00+00:00,ABANDONED
ORD-000975,CUST-0076,9999.00,INR,2026-08-01T20:45:00+00:00,ABANDONED
ORD-000976,CUST-0077,9999.00,INR,2026-08-06T20:45:00+00:00,ABANDONED
ORD-000977,CUST-0078,9999.00,INR,2026-08-11T20:45:00+00:00,ABANDONED
ORD-000978,CUST-0079,9999.00,INR,2026-08-16T20:45:00+00:00,ABANDONED
ORD-000979,CUST-0080,9999.00,INR,2026-08-21T20:45:00+00:00,ABANDONED
ORD-000980,CUST-0081,9999.00,INR,2026-08-01T20:45:00+00:00,ABANDONED
ORD-000981,CUST-0082,9999.00,INR,2026-08-06T20:45:00+00:00,ABANDONED
ORD-000982,CUST-0083,9999.00,INR,2026-08-11T20:45:00+00:00,ABANDONED
ORD-000983,CUST-0084,9999.00,INR,2026-08-16T20:45:00+00:00,ABANDONED
ORD-000984,CUST-0085,9999.00,INR,2026-08-21T20:45:00+00:00,ABANDONED
ORD-000985,CUST-0086,9999.00,INR,2026-08-01T20:45:00+00:00,ABANDONED
ORD-000986,CUST-0087,9999.00,INR,2026-08-06T20:45:00+00:00,ABANDONED
ORD-000987,CUST-0088,9999.00,INR,2026-08-11T20:45:00+00:00,ABANDONED
ORD-000988,CUST-0089,9999.00,INR,2026-08-16T20:45:00+00:00,ABANDONED
ORD-000989,CUST-0090,9999.00,INR,2026-08-21T20:45:00+00:00,ABANDONED
ORD-000990,CUST-0091,9999.00,INR,2026-08-01T20:45:00+00:00,ABANDONED
ORD-000991,CUST-0092,299.00,INR,2026-08-24T10:30:00+00:00,COMPLETED
ORD-000992,CUST-0093,999.00,INR,2026-08-02T10:30:00+00:00,COMPLETED
ORD-000993,CUST-0094,2999.00,INR,2026-08-05T10:30:00+00:00,COMPLETED
ORD-000994,CUST-0095,2499.00,INR,2026-08-08T10:30:00+00:00,COMPLETED
ORD-000995,CUST-0096,2499.00,INR,2026-08-11T10:30:00+00:00,COMPLETED
ORD-000996,CUST-0097,25000.00,INR,2026-08-14T10:30:00+00:00,COMPLETED
ORD-000997,CUST-0098,7500.00,INR,2026-08-17T10:30:00+00:00,COMPLETED
ORD-000998,CUST-0099,9999.00,INR,2026-08-20T10:30:00+00:00,COMPLETED
ORD-000999,CUST-0100,25000.00,INR,2026-08-23T10:30:00+00:00,COMPLETED
ORD-001000,CUST-0101,1299.00,INR,2026-08-01T10:30:00+00:00,COMPLETED
