payment_id,order_id,amount,method,utr,created_at,status
PAY-000001,ORD-000001,999.00,UPI,UTR-IND-00000001,2026-08-08T03:23:00+00:00,SUCCESS
PAY-000002,ORD-000002,2499.00,CARD,UTR-IND-00000002,2026-08-15T06:38:00+00:00,SUCCESS
PAY-000003,ORD-000003,999.00,UPI,UTR-IND-00000003,2026-08-22T09:59:00+00:00,SUCCESS
PAY-000004,ORD-000004,499.00,UPI,UTR-IND-00000004,2026-08-04T12:11:00+00:00,SUCCESS
PAY-000005,ORD-000005,1999.00,CARD,UTR-IND-00000005,2026-08-11T15:35:00+00:00,SUCCESS
PAY-000006,ORD-000006,299.00,CARD,UTR-IND-00000006,2026-08-18T18:52:00+00:00,SUCCESS
PAY-000007,ORD-000007,14999.00,CARD,UTR-IND-00000007,2026-08-25T22:08:00+00:00,SUCCESS
PAY-000008,ORD-000008,2999.00,UPI,UTR-IND-00000008,2026-08-07T00:20:00+00:00,SUCCESS
PAY-000009,ORD-000009,14999.00,NETBANKING,UTR-IND-00000009,2026-08-14T03:39:00+00:00,SUCCESS
PAY-000010,ORD-000010,1299.00,CARD,UTR-IND-00000010,2026-08-21T06:57:00+00:00,SUCCESS
PAY-000011,ORD-000011,999.00,UPI,UTR-IND-00000011,2026-08-03T09:15:00+00:00,SUCCESS
PAY-000012,ORD-000012,999.00,NETBANKING,UTR-IND-00000012,2026-08-10T12:31:00+00:00,SUCCESS
PAY-000013,ORD-000013,2999.00,UPI,UTR-IND-00000013,2026-08-17T15:50:00+00:00,SUCCESS
PAY-000014,ORD-000014,999.00,WALLET,UTR-IND-00000014,2026-08-24T19:01:00+00:00,SUCCESS
PAY-000015,ORD-000015,3499.00,NETBANKING,UTR-IND-00000015,2026-08-06T21:20:00+00:00,SUCCESS
PAY-000016,ORD-000016,799.00,UPI,UTR-IND-00000016,2026-08-13T00:37:00+00:00,SUCCESS
PAY-000017,ORD-000017,3499.00,UPI,UTR-IND-00000017,2026-08-20T03:54:00+00:00,SUCCESS
PAY-000018,ORD-000018,999.00,WALLET,UTR-IND-00000018,2026-08-02T06:12:00+00:00,SUCCESS
PAY-000019,ORD-000019,25000.00,NETBANKING,UTR-IND-00000019,2026-08-09T09:27:00+00:00,SUCCESS
PAY-000020,ORD-000020,7500.00,NETBANKING,UTR-IND-00000020,2026-08-16T12:45:00+00:00,SUCCESS
PAY-000021,ORD-000021,2999.00,UPI,UTR-IND-00000021,2026-08-23T16:01:00+00:00,SUCCESS
PAY-000022,ORD-000022,2499.00,CARD,UTR-IND-00000022,2026-08-05T18:23:00+00:00,SUCCESS
PAY-000023,ORD-000023,9999.00,NETBANKING,UTR-IND-00000023,2026-08-12T21:41:00+00:00,SUCCESS
PAY-000024,ORD-000024,2499.00,NETBANKING,UTR-IND-00000024,2026-08-19T00:50:00+00:00,SUCCESS
PAY-000025,ORD-000025,2499.00,UPI,UTR-IND-00000025,2026-08-01T03:12:00+00:00,SUCCESS
PAY-000026,ORD-000026,9999.00,NETBANKING,UTR-IND-00000026,2026-08-08T06:25:00+00:00,SUCCESS
PAY-000027,ORD-000027,1999.00,NETBANKING,UTR-IND-00000027,2026-08-15T09:44:00+00:00,SUCCESS
PAY-000028,ORD-000028,49999.00,WALLET,UTR-IND-00000028,2026-08-22T13:05:00+00:00,SUCCESS
PAY-000029,ORD-000029,1299.00,NETBANKING,UTR-IND-00000029,2026-08-04T15:17:00+00:00,SUCCESS
PAY-000030,ORD-000030,2499.00,NETBANKING,UTR-IND-00000030,2026-08-11T18:38:00+00:00,SUCCESS
PAY-000031,ORD-000031,9999.00,NETBANKING,UTR-IND-00000031,2026-08-18T21:52:00+00:00,SUCCESS
PAY-000032,ORD-000032,1299.00,WALLET,UTR-IND-00000032,2026-08-25T00:07:00+00:00,SUCCESS
PAY-000033,ORD-000033,499.00,UPI,UTR-IND-00000033,2026-08-07T03:25:00+00:00,SUCCESS
PAY-000034,ORD-000034,1499.50,WALLET,UTR-IND-00000034,2026-08-14T06:41:00+00:00,SUCCESS
PAY-000035,ORD-000035,9999.00,WALLET,UTR-IND-00000035,2026-08-21T10:04:00+00:00,SUCCESS
PAY-000036,ORD-000036,2999.00,UPI,UTR-IND-00000036,2026-08-03T12:15:00+00:00,SUCCESS
PAY-000037,ORD-000037,2999.00,NETBANKING,UTR-IND-00000037,2026-08-10T15:32:00+00:00,SUCCESS
PAY-000038,ORD-000038,3499.00,WALLET,UTR-IND-00000038,2026-08-17T18:50:00+00:00,SUCCESS
PAY-000039,ORD-000039,25000.00,UPI,UTR-IND-00000039,2026-08-24T21:09:00+00:00,SUCCESS
PAY-000040,ORD-000040,1499.50,UPI,UTR-IND-00000040,2026-08-06T00:26:00+00:00,SUCCESS
PAY-000041,ORD-000041,1999.00,CARD,UTR-IND-00000041,2026-08-13T03:44:00+00:00,SUCCESS
PAY-000042,ORD-000042,1499.50,UPI,UTR-IND-00000042,2026-08-20T07:01:00+00:00,SUCCESS
PAY-000043,ORD-000043,49999.00,UPI,UTR-IND-00000043,2026-08-02T09:14:00+00:00,SUCCESS
PAY-000044,ORD-000044,7500.00,NETBANKING,UTR-IND-00000044,2026-08-09T12:33:00+00:00,SUCCESS
PAY-000045,ORD-000045,499.00,CARD,UTR-IND-00000045,2026-08-16T15:48:00+00:00,SUCCESS
PAY-000046,ORD-000046,799.00,WALLET,UTR-IND-00000046,2026-08-23T18:05:00+00:00,SUCCESS
PAY-000047,ORD-000047,1299.00,CARD,UTR-IND-00000047,2026-08-05T21:28:00+00:00,SUCCESS
PAY-000048,ORD-000048,1499.50,NETBANKING,UTR-IND-00000048,2026-08-12T00:46:00+00:00,SUCCESS
PAY-000049,ORD-000049,14999.00,CARD,UTR-IND-00000049,2026-08-19T04:03:00+00:00,SUCCESS
PAY-000050,ORD-000050,1999.00,NETBANKING,UTR-IND-00000050,2026-08-01T06:18:00+00:00,SUCCESS
PAY-000051,ORD-000051,7500.00,WALLET,UTR-IND-00000051,2026-08-08T09:37:00+00:00,SUCCESS
PAY-000052,ORD-000052,25000.00,UPI,UTR-IND-00000052,2026-08-15T12:49:00+00:00,SUCCESS
PAY-000053,ORD-000053,2499.00,UPI,UTR-IND-00000053,2026-08-22T15:08:00+00:00,SUCCESS
PAY-000054,ORD-000054,299.00,CARD,UTR-IND-00000054,2026-08-04T18:23:00+00:00,SUCCESS
PAY-000055,ORD-000055,299.00,UPI,UTR-IND-00000055,2026-08-11T21:37:00+00:00,SUCCESS
PAY-000056,ORD-000056,2499.00,UPI,UTR-IND-00000056,2026-08-18T00:54:00+00:00,SUCCESS
PAY-000057,ORD-000057,4999.00,UPI,UTR-IND-00000057,2026-08-25T03:19:00+00:00,SUCCESS
PAY-000058,ORD-000058,2499.00,NETBANKING,UTR-IND-00000058,2026-08-07T06:35:00+00:00,SUCCESS
PAY-000059,ORD-000059,1999.00,CARD,UTR-IND-00000059,2026-08-14T09:52:00+00:00,SUCCESS
PAY-000060,ORD-000060,2499.00,WALLET,UTR-IND-00000060,2026-08-21T12:08:00+00:00,SUCCESS
PAY-000061,ORD-000061,1999.00,UPI,UTR-IND-00000061,2026-08-03T15:20:00+00:00,SUCCESS
PAY-000062,ORD-000062,14999.00,NETBANKING,UTR-IND-00000062,2026-08-10T18:42:00+00:00,SUCCESS
PAY-000063,ORD-000063,14999.00,WALLET,UTR-IND-00000063,2026-08-17T21:53:00+00:00,SUCCESS
PAY-000064,ORD-000064,999.00,UPI,UTR-IND-00000064,2026-08-24T00:16:00+00:00,SUCCESS
PAY-000065,ORD-000065,4999.00,UPI,UTR-IND-00000065,2026-08-06T03:30:00+00:00,SUCCESS
PAY-000066,ORD-000066,1999.00,CARD,UTR-IND-00000066,2026-08-13T06:52:00+00:00,SUCCESS
PAY-000067,ORD-000067,25000.00,CARD,UTR-IND-00000067,2026-08-20T10:07:00+00:00,SUCCESS
PAY-000068,ORD-000068,1499.50,NETBANKING,UTR-IND-00000068,2026-08-02T12:25:00+00:00,SUCCESS
PAY-000069,ORD-000069,2499.00,UPI,UTR-IND-00000069,2026-08-09T15:42:00+00:00,SUCCESS
PAY-000070,ORD-000070,999.00,UPI,UTR-IND-00000070,2026-08-16T19:00:00+00:00,SUCCESS
PAY-000071,ORD-000071,299.00,UPI,UTR-IND-00000071,2026-08-23T21:12:00+00:00,SUCCESS
PAY-000072,ORD-000072,1499.50,WALLET,UTR-IND-00000072,2026-08-05T00:33:00+00:00,SUCCESS
PAY-000073,ORD-000073,49999.00,CARD,UTR-IND-00000073,2026-08-12T03:49:00+00:00,SUCCESS
PAY-000074,ORD-000074,499.00,CARD,UTR-IND-00000074,2026-08-19T07:06:00+00:00,SUCCESS
PAY-000075,ORD-000075,299.00,WALLET,UTR-IND-00000075,2026-08-01T09:21:00+00:00,SUCCESS
PAY-000076,ORD-000076,25000.00,NETBANKING,UTR-IND-00000076,2026-08-08T12:40:00+00:00,SUCCESS
PAY-000077,ORD-000077,49999.00,CARD,UTR-IND-00000077,2026-08-15T15:54:00+00:00,SUCCESS
PAY-000078,ORD-000078,3499.00,CARD,UTR-IND-00000078,2026-08-22T18:08:00+00:00,SUCCESS
PAY-000079,ORD-000079,499.00,NETBANKING,UTR-IND-00000079,2026-08-04T21:25:00+00:00,SUCCESS
PAY-000080,ORD-000080,499.00,WALLET,UTR-IND-00000080,2026-08-11T00:50:00+00:00,SUCCESS
PAY-000081,ORD-000081,1499.50,UPI,UTR-IND-00000081,2026-08-18T04:07:00+00:00,SUCCESS
PAY-000082,ORD-000082,799.00,CARD,UTR-IND-00000082,2026-08-25T06:17:00+00:00,SUCCESS
PAY-000083,ORD-000083,799.00,CARD,UTR-IND-00000083,2026-08-07T09:39:00+00:00,SUCCESS
PAY-000084,ORD-000084,999.00,CARD,UTR-IND-00000084,2026-08-14T12:50:00+00:00,SUCCESS
PAY-000085,ORD-000085,799.00,WALLET,UTR-IND-00000085,2026-08-21T15:15:00+00:00,SUCCESS
PAY-000086,ORD-000086,4999.00,NETBANKING,UTR-IND-00000086,2026-08-03T18:27:00+00:00,SUCCESS
PAY-000087,ORD-000087,4999.00,CARD,UTR-IND-00000087,2026-08-10T21:45:00+00:00,SUCCESS
PAY-000088,ORD-000088,9999.00,CARD,UTR-IND-00000088,2026-08-17T01:02:00+00:00,SUCCESS
PAY-000089,ORD-000089,25000.00,NETBANKING,UTR-IND-00000089,2026-08-24T03:16:00+00:00,SUCCESS
PAY-000090,ORD-000090,299.00,WALLET,UTR-IND-00000090,2026-08-06T06:33:00+00:00,SUCCESS
PAY-000091,ORD-000091,799.00,CARD,UTR-IND-00000091,2026-08-13T09:57:00+00:00,SUCCESS
PAY-000092,ORD-000092,2999.00,CARD,UTR-IND-00000092,2026-08-20T12:11:00+00:00,SUCCESS
PAY-000093,ORD-000093,799.00,CARD,UTR-IND-00000093,2026-08-02T15:28:00+00:00,SUCCESS
PAY-000094,ORD-000094,3499.00,CARD,UTR-IND-00000094,2026-08-09T18:47:00+00:00,SUCCESS
PAY-000095,ORD-000095,3499.00,UPI,UTR-IND-00000095,2026-08-16T22:05:00+00:00,SUCCESS
PAY-000096,ORD-000096,3499.00,UPI,UTR-IND-00000096,2026-08-23T00:16:00+00:00,SUCCESS
PAY-000097,ORD-000097,2999.00,UPI,UTR-IND-00000097,2026-08-05T03:32:00+00:00,SUCCESS
PAY-000098,ORD-000098,1299.00,NETBANKING,UTR-IND-00000098,2026-08-12T06:52:00+00:00,SUCCESS
PAY-000099,ORD-000099,1999.00,NETBANKING,UTR-IND-00000099,2026-08-19T09:08:00+00:00,SUCCESS
PAY-000100,ORD-000100,2999.00,WALLET,UTR-IND-00000100,2026-08-01T12:26:00+00:00,SUCCESS
PAY-000101,ORD-000101,499.00,UPI,UTR-IND-00000101,2026-08-08T15:45:00+00:00,SUCCESS
PAY-000102,ORD-000102,2999.00,UPI,UTR-IND-00000102,2026-08-15T18:56:00+00:00,SUCCESS
PAY-000103,ORD-000103,4999.00,CARD,UTR-IND-00000103,2026-08-22T21:17:00+00:00,SUCCESS
PAY-000104,ORD-000104,1499.50,WALLET,UTR-IND-00000104,2026-08-04T00:38:00+00:00,SUCCESS
PAY-000105,ORD-000105,14999.00,UPI,UTR-IND-00000105,2026-08-11T03:48:00+00:00,SUCCESS
PAY-000106,ORD-000106,799.00,CARD,UTR-IND-00000106,2026-08-18T06:12:00+00:00,SUCCESS
PAY-000107,ORD-000107,499.00,NETBANKING,UTR-IND-00000107,2026-08-25T09:29:00+00:00,SUCCESS
PAY-000108,ORD-000108,1299.00,WALLET,UTR-IND-00000108,2026-08-07T12:40:00+00:00,SUCCESS
PAY-000109,ORD-000109,499.00,NETBANKING,UTR-IND-00000109,2026-08-14T16:00:00+00:00,SUCCESS
PAY-000110,ORD-000110,499.00,NETBANKING,UTR-IND-00000110,2026-08-21T18:15:00+00:00,SUCCESS
PAY-000111,ORD-000111,2499.00,UPI,UTR-IND-00000111,2026-08-03T21:34:00+00:00,SUCCESS
PAY-000112,ORD-000112,14999.00,CARD,UTR-IND-00000112,2026-08-10T00:49:00+00:00,SUCCESS
PAY-000113,ORD-000113,1499.50,CARD,UTR-IND-00000113,2026-08-17T03:09:00+00:00,SUCCESS
PAY-000114,ORD-000114,299.00,CARD,UTR-IND-00000114,2026-08-24T06:25:00+00:00,SUCCESS
PAY-000115,ORD-000115,14999.00,CARD,UTR-IND-00000115,2026-08-06T09:41:00+00:00,SUCCESS
PAY-000116,ORD-000116,1499.50,UPI,UTR-IND-00000116,2026-08-13T13:00:00+00:00,SUCCESS
PAY-000117,ORD-000117,499.00,WALLET,UTR-IND-00000117,2026-08-20T15:14:00+00:00,SUCCESS
PAY-000118,ORD-000118,1999.00,WALLET,UTR-IND-00000118,2026-08-02T18:33:00+00:00,SUCCESS
PAY-000119,ORD-000119,3499.00,CARD,UTR-IND-00000119,2026-08-09T21:48:00+00:00,SUCCESS
PAY-000120,ORD-000120,299.00,CARD,UTR-IND-00000120,2026-08-16T00:08:00+00:00,SUCCESS
PAY-000121,ORD-000121,4999.00,NETBANKING,UTR-IND-00000121,2026-08-23T03:20:00+00:00,SUCCESS
PAY-000122,ORD-000122,2999.00,NETBANKING,UTR-IND-00000122,2026-08-05T06:44:00+00:00,SUCCESS
PAY-000123,ORD-000123,9999.00,NETBANKING,UTR-IND-00000123,2026-08-12T09:53:00+00:00,SUCCESS
PAY-000124,ORD-000124,999.00,NETBANKING,UTR-IND-00000124,2026-08-19T12:12:00+00:00,SUCCESS
PAY-000125,ORD-000125,2999.00,UPI,UTR-IND-00000125,2026-08-01T15:28:00+00:00,SUCCESS
PAY-000126,ORD-000126,14999.00,NETBANKING,UTR-IND-00000126,2026-08-08T18:49:00+00:00,SUCCESS
PAY-000127,ORD-000127,14999.00,UPI,UTR-IND-00000127,2026-08-15T22:07:00+00:00,SUCCESS
PAY-000128,ORD-000128,1999.00,NETBANKING,UTR-IND-00000128,2026-08-22T00:18:00+00:00,SUCCESS
PAY-000129,ORD-000129,14999.00,UPI,UTR-IND-00000129,2026-08-04T03:43:00+00:00,SUCCESS
PAY-000130,ORD-000130,1999.00,NETBANKING,UTR-IND-00000130,2026-08-11T06:58:00+00:00,SUCCESS
PAY-000131,ORD-000131,799.00,NETBANKING,UTR-IND-00000131,2026-08-18T09:14:00+00:00,SUCCESS
PAY-000132,ORD-000132,999.00,NETBANKING,UTR-IND-00000132,2026-08-25T12:34:00+00:00,SUCCESS
PAY-000133,ORD-000133,3499.00,WALLET,UTR-IND-00000133,2026-08-07T15:48:00+00:00,SUCCESS
PAY-000134,ORD-000134,9999.00,NETBANKING,UTR-IND-00000134,2026-08-14T19:08:00+00:00,SUCCESS
PAY-000135,ORD-000135,1299.00,CARD,UTR-IND-00000135,2026-08-21T21:23:00+00:00,SUCCESS
PAY-000136,ORD-000136,9999.00,CARD,UTR-IND-00000136,2026-08-03T00:38:00+00:00,SUCCESS
PAY-000137,ORD-000137,9999.00,UPI,UTR-IND-00000137,2026-08-10T03:55:00+00:00,SUCCESS
PAY-000138,ORD-000138,3499.00,CARD,UTR-IND-00000138,2026-08-17T06:14:00+00:00,SUCCESS
PAY-000139,ORD-000139,4999.00,WALLET,UTR-IND-00000139,2026-08-24T09:32:00+00:00,SUCCESS
PAY-000140,ORD-000140,25000.00,CARD,UTR-IND-00000140,2026-08-06T12:50:00+00:00,SUCCESS
PAY-000141,ORD-000141,49999.00,CARD,UTR-IND-00000141,2026-08-13T16:00:00+00:00,SUCCESS
PAY-000142,ORD-000142,3499.00,NETBANKING,UTR-IND-00000142,2026-08-20T18:17:00+00:00,SUCCESS
PAY-000143,ORD-000143,2499.00,NETBANKING,UTR-IND-00000143,2026-08-02T21:36:00+00:00,SUCCESS
PAY-000144,ORD-000144,1999.00,CARD,UTR-IND-00000144,2026-08-09T00:50:00+00:00,SUCCESS
PAY-000145,ORD-000145,499.00,CARD,UTR-IND-00000145,2026-08-16T03:14:00+00:00,SUCCESS
PAY-000146,ORD-000146,799.00,WALLET,UTR-IND-00000146,2026-08-23T06:30:00+00:00,SUCCESS
PAY-000147,ORD-000147,1999.00,WALLET,UTR-IND-00000147,2026-08-05T09:48:00+00:00,SUCCESS
PAY-000148,ORD-000148,9999.00,CARD,UTR-IND-00000148,2026-08-12T13:00:00+00:00,SUCCESS
PAY-000149,ORD-000149,299.00,UPI,UTR-IND-00000149,2026-08-19T15:21:00+00:00,SUCCESS
PAY-000150,ORD-000150,2499.00,CARD,UTR-IND-00000150,2026-08-01T18:40:00+00:00,SUCCESS
PAY-000151,ORD-000151,25000.00,UPI,UTR-IND-00000151,2026-08-08T21:57:00+00:00,SUCCESS
PAY-000152,ORD-000152,2499.00,UPI,UTR-IND-00000152,2026-08-15T00:13:00+00:00,SUCCESS
PAY-000153,ORD-000153,1299.00,WALLET,UTR-IND-00000153,2026-08-22T03:31:00+00:00,SUCCESS
PAY-000154,ORD-000154,4999.00,WALLET,UTR-IND-00000154,2026-08-04T06:48:00+00:00,SUCCESS
PAY-000155,ORD-000155,14999.00,WALLET,UTR-IND-00000155,2026-08-11T09:59:00+00:00,SUCCESS
PAY-000156,ORD-000156,49999.00,WALLET,UTR-IND-00000156,2026-08-18T12:18:00+00:00,SUCCESS
PAY-000157,ORD-000157,2499.00,NETBANKING,UTR-IND-00000157,2026-08-25T15:39:00+00:00,SUCCESS
PAY-000158,ORD-000158,49999.00,CARD,UTR-IND-00000158,2026-08-07T18:52:00+00:00,SUCCESS
PAY-000159,ORD-000159,25000.00,UPI,UTR-IND-00000159,2026-08-14T21:09:00+00:00,SUCCESS
PAY-000160,ORD-000160,2499.00,NETBANKING,UTR-IND-00000160,2026-08-21T00:27:00+00:00,SUCCESS
PAY-000161,ORD-000161,4999.00,UPI,UTR-IND-00000161,2026-08-03T03:41:00+00:00,SUCCESS
PAY-000162,ORD-000162,1299.00,CARD,UTR-IND-00000162,2026-08-10T07:02:00+00:00,SUCCESS
PAY-000163,ORD-000163,1299.00,CARD,UTR-IND-00000163,2026-08-17T09:14:00+00:00,SUCCESS
PAY-000164,ORD-000164,14999.00,WALLET,UTR-IND-00000164,2026-08-24T12:35:00+00:00,SUCCESS
PAY-000165,ORD-000165,25000.00,WALLET,UTR-IND-00000165,2026-08-06T15:47:00+00:00,SUCCESS
PAY-000166,ORD-000166,1999.00,WALLET,UTR-IND-00000166,2026-08-13T18:10:00+00:00,SUCCESS
PAY-000167,ORD-000167,299.00,WALLET,UTR-IND-00000167,2026-08-20T21:28:00+00:00,SUCCESS
PAY-000168,ORD-000168,299.00,NETBANKING,UTR-IND-00000168,2026-08-02T00:42:00+00:00,SUCCESS
PAY-000169,ORD-000169,9999.00,WALLET,UTR-IND-00000169,2026-08-09T04:03:00+00:00,SUCCESS
PAY-000170,ORD-000170,2499.00,WALLET,UTR-IND-00000170,2026-08-16T06:15:00+00:00,SUCCESS
PAY-000171,ORD-000171,2999.00,WALLET,UTR-IND-00000171,2026-08-23T09:36:00+00:00,SUCCESS
PAY-000172,ORD-000172,299.00,WALLET,UTR-IND-00000172,2026-08-05T12:51:00+00:00,SUCCESS
PAY-000173,ORD-000173,9999.00,CARD,UTR-IND-00000173,2026-08-12T15:10:00+00:00,SUCCESS
PAY-000174,ORD-000174,1299.00,UPI,UTR-IND-00000174,2026-08-19T18:26:00+00:00,SUCCESS
PAY-000175,ORD-000175,299.00,UPI,UTR-IND-00000175,2026-08-01T21:43:00+00:00,SUCCESS
PAY-000176,ORD-000176,1299.00,WALLET,UTR-IND-00000176,2026-08-08T00:56:00+00:00,SUCCESS
PAY-000177,ORD-000177,499.00,NETBANKING,UTR-IND-00000177,2026-08-15T03:17:00+00:00,SUCCESS
PAY-000178,ORD-000178,4999.00,CARD,UTR-IND-00000178,2026-08-22T06:35:00+00:00,SUCCESS
PAY-000179,ORD-000179,4999.00,NETBANKING,UTR-IND-00000179,2026-08-04T09:51:00+00:00,SUCCESS
PAY-000180,ORD-000180,2999.00,WALLET,UTR-IND-00000180,2026-08-11T12:06:00+00:00,SUCCESS
PAY-000181,ORD-000181,799.00,WALLET,UTR-IND-00000181,2026-08-18T15:19:00+00:00,SUCCESS
PAY-000182,ORD-000182,499.00,NETBANKING,UTR-IND-00000182,2026-08-25T18:39:00+00:00,SUCCESS
PAY-000183,ORD-000183,799.00,UPI,UTR-IND-00000183,2026-08-07T21:53:00+00:00,SUCCESS
PAY-000184,ORD-000184,2499.00,CARD,UTR-IND-00000184,2026-08-14T00:10:00+00:00,SUCCESS
PAY-000185,ORD-000185,1299.00,CARD,UTR-IND-00000185,2026-08-21T03:29:00+00:00,SUCCESS
PAY-000186,ORD-000186,49999.00,UPI,UTR-IND-00000186,2026-08-03T06:47:00+00:00,SUCCESS
PAY-000187,ORD-000187,25000.00,NETBANKING,UTR-IND-00000187,2026-08-10T10:06:00+00:00,SUCCESS
PAY-000188,ORD-000188,1499.50,UPI,UTR-IND-00000188,2026-08-17T12:20:00+00:00,SUCCESS
PAY-000189,ORD-000189,3499.00,UPI,UTR-IND-00000189,2026-08-24T15:35:00+00:00,SUCCESS
PAY-000190,ORD-000190,3499.00,WALLET,UTR-IND-00000190,2026-08-06T18:58:00+00:00,SUCCESS
PAY-000191,ORD-000191,1999.00,UPI,UTR-IND-00000191,2026-08-13T21:12:00+00:00,SUCCESS
PAY-000192,ORD-000192,999.00,NETBANKING,UTR-IND-00000192,2026-08-20T00:27:00+00:00,SUCCESS
PAY-000193,ORD-000193,499.00,NETBANKING,UTR-IND-00000193,2026-08-02T03:51:00+00:00,SUCCESS
PAY-000194,ORD-000194,14999.00,NETBANKING,UTR-IND-00000194,2026-08-09T07:01:00+00:00,SUCCESS
PAY-000195,ORD-000195,4999.00,UPI,UTR-IND-00000195,2026-08-16T09:23:00+00:00,SUCCESS
PAY-000196,ORD-000196,49999.00,UPI,UTR-IND-00000196,2026-08-23T12:40:00+00:00,SUCCESS
PAY-000197,ORD-000197,7500.00,WALLET,UTR-IND-00000197,2026-08-05T15:53:00+00:00,SUCCESS
PAY-000198,ORD-000198,14999.00,CARD,UTR-IND-00000198,2026-08-12T18:16:00+00:00,SUCCESS
PAY-000199,ORD-000199,2999.00,WALLET,UTR-IND-00000199,2026-08-19T21:32:00+00:00,SUCCESS
PAY-000200,ORD-000200,14999.00,NETBANKING,UTR-IND-00000200,2026-08-01T00:47:00+00:00,SUCCESS
PAY-000201,ORD-000201,2499.00,UPI,UTR-IND-00000201,2026-08-08T04:03:00+00:00,SUCCESS
PAY-000202,ORD-000202,25000.00,CARD,UTR-IND-00000202,2026-08-15T06:23:00+00:00,SUCCESS
PAY-000203,ORD-000203,9999.00,NETBANKING,UTR-IND-00000203,2026-08-22T09:33:00+00:00,SUCCESS
PAY-000204,ORD-000204,49999.00,NETBANKING,UTR-IND-00000204,2026-08-04T12:52:00+00:00,SUCCESS
PAY-000205,ORD-000205,49999.00,CARD,UTR-IND-00000205,2026-08-11T15:12:00+00:00,SUCCESS
PAY-000206,ORD-000206,2999.00,NETBANKING,UTR-IND-00000206,2026-08-18T18:28:00+00:00,SUCCESS
PAY-000207,ORD-000207,2999.00,UPI,UTR-IND-00000207,2026-08-25T21:49:00+00:00,SUCCESS
PAY-000208,ORD-000208,1999.00,UPI,UTR-IND-00000208,2026-08-07T01:01:00+00:00,SUCCESS
PAY-000209,ORD-000209,14999.00,WALLET,UTR-IND-00000209,2026-08-14T03:23:00+00:00,SUCCESS
PAY-000210,ORD-000210,2499.00,WALLET,UTR-IND-00000210,2026-08-21T06:39:00+00:00,SUCCESS
PAY-000211,ORD-000211,25000.00,UPI,UTR-IND-00000211,2026-08-03T09:50:00+00:00,SUCCESS
PAY-000212,ORD-000212,3499.00,CARD,UTR-IND-00000212,2026-08-10T12:12:00+00:00,SUCCESS
PAY-000213,ORD-000213,2499.00,NETBANKING,UTR-IND-00000213,2026-08-17T15:28:00+00:00,SUCCESS
PAY-000214,ORD-000214,49999.00,NETBANKING,UTR-IND-00000214,2026-08-24T18:46:00+00:00,SUCCESS
PAY-000215,ORD-000215,4999.00,NETBANKING,UTR-IND-00000215,2026-08-06T22:04:00+00:00,SUCCESS
PAY-000216,ORD-000216,2999.00,NETBANKING,UTR-IND-00000216,2026-08-13T00:18:00+00:00,SUCCESS
PAY-000217,ORD-000217,2499.00,UPI,UTR-IND-00000217,2026-08-20T03:34:00+00:00,SUCCESS
PAY-000218,ORD-000218,4999.00,UPI,UTR-IND-00000218,2026-08-02T06:56:00+00:00,SUCCESS
PAY-000219,ORD-000219,1499.50,CARD,UTR-IND-00000219,2026-08-09T09:08:00+00:00,SUCCESS
PAY-000220,ORD-000220,49999.00,NETBANKING,UTR-IND-00000220,2026-08-16T12:30:00+00:00,SUCCESS
PAY-000221,ORD-000221,3499.00,UPI,UTR-IND-00000221,2026-08-23T15:42:00+00:00,SUCCESS
PAY-000222,ORD-000222,3499.00,CARD,UTR-IND-00000222,2026-08-05T19:01:00+00:00,SUCCESS
PAY-000223,ORD-000223,1499.50,NETBANKING,UTR-IND-00000223,2026-08-12T21:13:00+00:00,SUCCESS
PAY-000224,ORD-000224,1299.00,NETBANKING,UTR-IND-00000224,2026-08-19T00:30:00+00:00,SUCCESS
PAY-000225,ORD-000225,499.00,NETBANKING,UTR-IND-00000225,2026-08-01T03:49:00+00:00,SUCCESS
PAY-000226,ORD-000226,49999.00,UPI,UTR-IND-00000226,2026-08-08T06:04:00+00:00,SUCCESS
PAY-000227,ORD-000227,3499.00,WALLET,UTR-IND-00000227,2026-08-15T09:28:00+00:00,SUCCESS
PAY-000228,ORD-000228,25000.00,NETBANKING,UTR-IND-00000228,2026-08-22T12:40:00+00:00,SUCCESS
PAY-000229,ORD-000229,499.00,NETBANKING,UTR-IND-00000229,2026-08-04T16:02:00+00:00,SUCCESS
PAY-000230,ORD-000230,999.00,UPI,UTR-IND-00000230,2026-08-11T18:18:00+00:00,SUCCESS
PAY-000231,ORD-000231,49999.00,UPI,UTR-IND-00000231,2026-08-18T21:29:00+00:00,SUCCESS
PAY-000232,ORD-000232,1299.00,CARD,UTR-IND-00000232,2026-08-25T00:50:00+00:00,SUCCESS
PAY-000233,ORD-000233,799.00,CARD,UTR-IND-00000233,2026-08-07T03:04:00+00:00,SUCCESS
PAY-000234,ORD-000234,14999.00,CARD,UTR-IND-00000234,2026-08-14T06:28:00+00:00,SUCCESS
PAY-000235,ORD-000235,9999.00,WALLET,UTR-IND-00000235,2026-08-21T09:44:00+00:00,SUCCESS
PAY-000236,ORD-000236,3499.00,WALLET,UTR-IND-00000236,2026-08-03T12:58:00+00:00,SUCCESS
PAY-000237,ORD-000237,499.00,UPI,UTR-IND-00000237,2026-08-10T15:14:00+00:00,SUCCESS
PAY-000238,ORD-000238,1999.00,NETBANKING,UTR-IND-00000238,2026-08-17T18:29:00+00:00,SUCCESS
PAY-000239,ORD-000239,1499.50,CARD,UTR-IND-00000239,2026-08-24T21:47:00+00:00,SUCCESS
PAY-000240,ORD-000240,799.00,CARD,UTR-IND-00000240,2026-08-06T00:02:00+00:00,SUCCESS
PAY-000241,ORD-000241,14999.00,WALLET,UTR-IND-00000241,2026-08-13T03:26:00+00:00,SUCCESS
PAY-000242,ORD-000242,3499.00,UPI,UTR-IND-00000242,2026-08-20T06:39:00+00:00,SUCCESS
PAY-000243,ORD-000243,3499.00,NETBANKING,UTR-IND-00000243,2026-08-02T10:00:00+00:00,SUCCESS
PAY-000244,ORD-000244,799.00,CARD,UTR-IND-00000244,2026-08-09T12:14:00+00:00,SUCCESS
PAY-000245,ORD-000245,1999.00,WALLET,UTR-IND-00000245,2026-08-16T15:28:00+00:00,SUCCESS
PAY-000246,ORD-000246,2499.00,CARD,UTR-IND-00000246,2026-08-23T18:48:00+00:00,SUCCESS
PAY-000247,ORD-000247,1299.00,UPI,UTR-IND-00000247,2026-08-05T22:01:00+00:00,SUCCESS
PAY-000248,ORD-000248,1499.50,NETBANKING,UTR-IND-00000248,2026-08-12T00:22:00+00:00,SUCCESS
PAY-000249,ORD-000249,25000.00,UPI,UTR-IND-00000249,2026-08-19T03:42:00+00:00,SUCCESS
PAY-000250,ORD-000250,3499.00,WALLET,UTR-IND-00000250,2026-08-01T06:56:00+00:00,SUCCESS
PAY-000251,ORD-000251,49999.00,WALLET,UTR-IND-00000251,2026-08-08T09:10:00+00:00,SUCCESS
PAY-000252,ORD-000252,499.00,WALLET,UTR-IND-00000252,2026-08-15T12:31:00+00:00,SUCCESS
PAY-000253,ORD-000253,2999.00,UPI,UTR-IND-00000253,2026-08-22T15:44:00+00:00,SUCCESS
PAY-000254,ORD-000254,2499.00,UPI,UTR-IND-00000254,2026-08-04T19:04:00+00:00,SUCCESS
PAY-000255,ORD-000255,499.00,CARD,UTR-IND-00000255,2026-08-11T21:24:00+00:00,SUCCESS
PAY-000256,ORD-000256,25000.00,NETBANKING,UTR-IND-00000256,2026-08-18T00:36:00+00:00,SUCCESS
PAY-000257,ORD-000257,14999.00,WALLET,UTR-IND-00000257,2026-08-25T03:52:00+00:00,SUCCESS
PAY-000258,ORD-000258,49999.00,NETBANKING,UTR-IND-00000258,2026-08-07T06:14:00+00:00,SUCCESS
PAY-000259,ORD-000259,4999.00,NETBANKING,UTR-IND-00000259,2026-08-14T09:26:00+00:00,SUCCESS
PAY-000260,ORD-000260,1499.50,NETBANKING,UTR-IND-00000260,2026-08-21T12:48:00+00:00,SUCCESS
PAY-000261,ORD-000261,49999.00,NETBANKING,UTR-IND-00000261,2026-08-03T16:05:00+00:00,SUCCESS
PAY-000262,ORD-000262,499.00,WALLET,UTR-IND-00000262,2026-08-10T18:17:00+00:00,SUCCESS
PAY-000263,ORD-000263,4999.00,NETBANKING,UTR-IND-00000263,2026-08-17T21:38:00+00:00,SUCCESS
PAY-000264,ORD-000264,999.00,WALLET,UTR-IND-00000264,2026-08-24T00:58:00+00:00,SUCCESS
PAY-000265,ORD-000265,299.00,WALLET,UTR-IND-00000265,2026-08-06T03:13:00+00:00,SUCCESS
PAY-000266,ORD-000266,499.00,CARD,UTR-IND-00000266,2026-08-13T06:32:00+00:00,SUCCESS
PAY-000267,ORD-000267,7500.00,WALLET,UTR-IND-00000267,2026-08-20T09:48:00+00:00,SUCCESS
PAY-000268,ORD-000268,499.00,CARD,UTR-IND-00000268,2026-08-02T13:02:00+00:00,SUCCESS
PAY-000269,ORD-000269,1299.00,NETBANKING,UTR-IND-00000269,2026-08-09T15:22:00+00:00,SUCCESS
PAY-000270,ORD-000270,49999.00,UPI,UTR-IND-00000270,2026-08-16T18:32:00+00:00,SUCCESS
PAY-000271,ORD-000271,2499.00,CARD,UTR-IND-00000271,2026-08-23T21:53:00+00:00,SUCCESS
PAY-000272,ORD-000272,299.00,WALLET,UTR-IND-00000272,2026-08-05T00:07:00+00:00,SUCCESS
PAY-000273,ORD-000273,2499.00,UPI,UTR-IND-00000273,2026-08-12T03:30:00+00:00,SUCCESS
PAY-000274,ORD-000274,999.00,CARD,UTR-IND-00000274,2026-08-19T06:47:00+00:00,SUCCESS
PAY-000275,ORD-000275,3499.00,NETBANKING,UTR-IND-00000275,2026-08-01T10:03:00+00:00,SUCCESS
PAY-000276,ORD-000276,49999.00,WALLET,UTR-IND-00000276,2026-08-08T12:17:00+00:00,SUCCESS
PAY-000277,ORD-000277,25000.00,CARD,UTR-IND-00000277,2026-08-15T15:37:00+00:00,SUCCESS
PAY-000278,ORD-000278,1999.00,CARD,UTR-IND-00000278,2026-08-22T18:49:00+00:00,SUCCESS
PAY-000279,ORD-000279,2999.00,WALLET,UTR-IND-00000279,2026-08-04T21:10:00+00:00,SUCCESS
PAY-000280,ORD-000280,2999.00,UPI,UTR-IND-00000280,2026-08-11T00:26:00+00:00,SUCCESS
PAY-000281,ORD-000281,3499.00,WALLET,UTR-IND-00000281,2026-08-18T03:41:00+00:00,SUCCESS
PAY-000282,ORD-000282,25000.00,WALLET,UTR-IND-00000282,2026-08-25T07:01:00+00:00,SUCCESS
PAY-000283,ORD-000283,4999.00,WALLET,UTR-IND-00000283,2026-08-07T09:20:00+00:00,SUCCESS
PAY-000284,ORD-000284,4999.00,CARD,UTR-IND-00000284,2026-08-14T12:33:00+00:00,SUCCESS
PAY-000285,ORD-000285,9999.00,CARD,UTR-IND-00000285,2026-08-21T15:53:00+00:00,SUCCESS
PAY-000286,ORD-000286,499.00,NETBANKING,UTR-IND-00000286,2026-08-03T18:11:00+00:00,SUCCESS
PAY-000287,ORD-000287,9999.00,WALLET,UTR-IND-00000287,2026-08-10T21:23:00+00:00,SUCCESS
PAY-000288,ORD-000288,49999.00,UPI,UTR-IND-00000288,2026-08-17T00:40:00+00:00,SUCCESS
PAY-000289,ORD-000289,4999.00,UPI,UTR-IND-00000289,2026-08-24T04:02:00+00:00,SUCCESS
PAY-000290,ORD-000290,999.00,WALLET,UTR-IND-00000290,2026-08-06T06:12:00+00:00,SUCCESS
PAY-000291,ORD-000291,1299.00,WALLET,UTR-IND-00000291,2026-08-13T09:31:00+00:00,SUCCESS
PAY-000292,ORD-000292,799.00,WALLET,UTR-IND-00000292,2026-08-20T12:50:00+00:00,SUCCESS
PAY-000293,ORD-000293,4999.00,WALLET,UTR-IND-00000293,2026-08-02T15:04:00+00:00,SUCCESS
PAY-000294,ORD-000294,4999.00,WALLET,UTR-IND-00000294,2026-08-09T18:25:00+00:00,SUCCESS
PAY-000295,ORD-000295,49999.00,UPI,UTR-IND-00000295,2026-08-16T21:38:00+00:00,SUCCESS
PAY-000296,ORD-000296,2499.00,NETBANKING,UTR-IND-00000296,2026-08-23T00:57:00+00:00,SUCCESS
PAY-000297,ORD-000297,799.00,WALLET,UTR-IND-00000297,2026-08-05T03:12:00+00:00,SUCCESS
PAY-000298,ORD-000298,999.00,WALLET,UTR-IND-00000298,2026-08-12T06:30:00+00:00,SUCCESS
PAY-000299,ORD-000299,3499.00,UPI,UTR-IND-00000299,2026-08-19T09:45:00+00:00,SUCCESS
PAY-000300,ORD-000300,4999.00,UPI,UTR-IND-00000300,2026-08-01T12:06:00+00:00,SUCCESS
PAY-000301,ORD-000301,7500.00,NETBANKING,UTR-IND-00000301,2026-08-08T15:25:00+00:00,SUCCESS
PAY-000302,ORD-000302,1299.00,CARD,UTR-IND-00000302,2026-08-15T18:44:00+00:00,SUCCESS
PAY-000303,ORD-000303,14999.00,CARD,UTR-IND-00000303,2026-08-22T21:55:00+00:00,SUCCESS
PAY-000304,ORD-000304,1499.50,UPI,UTR-IND-00000304,2026-08-04T00:16:00+00:00,SUCCESS
PAY-000305,ORD-000305,2499.00,WALLET,UTR-IND-00000305,2026-08-11T03:29:00+00:00,SUCCESS
PAY-000306,ORD-000306,2499.00,WALLET,UTR-IND-00000306,2026-08-18T06:48:00+00:00,SUCCESS
PAY-000307,ORD-000307,25000.00,NETBANKING,UTR-IND-00000307,2026-08-25T10:01:00+00:00,SUCCESS
PAY-000308,ORD-000308,25000.00,NETBANKING,UTR-IND-00000308,2026-08-07T12:26:00+00:00,SUCCESS
PAY-000309,ORD-000309,1499.50,UPI,UTR-IND-00000309,2026-08-14T15:42:00+00:00,SUCCESS
PAY-000310,ORD-000310,7500.00,NETBANKING,UTR-IND-00000310,2026-08-21T18:58:00+00:00,SUCCESS
PAY-000311,ORD-000311,2999.00,WALLET,UTR-IND-00000311,2026-08-03T21:13:00+00:00,SUCCESS
PAY-000312,ORD-000312,1999.00,WALLET,UTR-IND-00000312,2026-08-10T00:33:00+00:00,SUCCESS
PAY-000313,ORD-000313,999.00,CARD,UTR-IND-00000313,2026-08-17T03:49:00+00:00,SUCCESS
PAY-000314,ORD-000314,7500.00,NETBANKING,UTR-IND-00000314,2026-08-24T07:04:00+00:00,SUCCESS
PAY-000315,ORD-000315,299.00,WALLET,UTR-IND-00000315,2026-08-06T09:21:00+00:00,SUCCESS
PAY-000316,ORD-000316,299.00,UPI,UTR-IND-00000316,2026-08-13T12:41:00+00:00,SUCCESS
PAY-000317,ORD-000317,3499.00,CARD,UTR-IND-00000317,2026-08-20T15:56:00+00:00,SUCCESS
PAY-000318,ORD-000318,2499.00,CARD,UTR-IND-00000318,2026-08-02T18:12:00+00:00,SUCCESS
PAY-000319,ORD-000319,1299.00,UPI,UTR-IND-00000319,2026-08-09T21:25:00+00:00,SUCCESS
PAY-000320,ORD-000320,3499.00,WALLET,UTR-IND-00000320,2026-08-16T00:42:00+00:00,SUCCESS
PAY-000321,ORD-000321,7500.00,CARD,UTR-IND-00000321,2026-08-23T04:00:00+00:00,SUCCESS
PAY-000322,ORD-000322,3499.00,NETBANKING,UTR-IND-00000322,2026-08-05T06:22:00+00:00,SUCCESS
PAY-000323,ORD-000323,1499.50,CARD,UTR-IND-00000323,2026-08-12T09:35:00+00:00,SUCCESS
PAY-000324,ORD-000324,7500.00,NETBANKING,UTR-IND-00000324,2026-08-19T12:52:00+00:00,SUCCESS
PAY-000325,ORD-000325,2999.00,WALLET,UTR-IND-00000325,2026-08-01T15:11:00+00:00,SUCCESS
PAY-000326,ORD-000326,4999.00,UPI,UTR-IND-00000326,2026-08-08T18:31:00+00:00,SUCCESS
PAY-000327,ORD-000327,799.00,CARD,UTR-IND-00000327,2026-08-15T21:44:00+00:00,SUCCESS
PAY-000328,ORD-000328,9999.00,NETBANKING,UTR-IND-00000328,2026-08-22T00:59:00+00:00,SUCCESS
PAY-000329,ORD-000329,9999.00,UPI,UTR-IND-00000329,2026-08-04T03:19:00+00:00,SUCCESS
PAY-000330,ORD-000330,999.00,WALLET,UTR-IND-00000330,2026-08-11T06:37:00+00:00,SUCCESS
PAY-000331,ORD-000331,2999.00,WALLET,UTR-IND-00000331,2026-08-18T09:54:00+00:00,SUCCESS
PAY-000332,ORD-000332,999.00,CARD,UTR-IND-00000332,2026-08-25T12:13:00+00:00,SUCCESS
PAY-000333,ORD-000333,299.00,NETBANKING,UTR-IND-00000333,2026-08-07T15:26:00+00:00,SUCCESS
PAY-000334,ORD-000334,799.00,WALLET,UTR-IND-00000334,2026-08-14T18:44:00+00:00,SUCCESS
PAY-000335,ORD-000335,14999.00,UPI,UTR-IND-00000335,2026-08-21T21:59:00+00:00,SUCCESS
PAY-000336,ORD-000336,499.00,UPI,UTR-IND-00000336,2026-08-03T00:18:00+00:00,SUCCESS
PAY-000337,ORD-000337,49999.00,UPI,UTR-IND-00000337,2026-08-10T03:32:00+00:00,SUCCESS
PAY-000338,ORD-000338,2499.00,CARD,UTR-IND-00000338,2026-08-17T06:54:00+00:00,SUCCESS
PAY-000339,ORD-000339,25000.00,NETBANKING,UTR-IND-00000339,2026-08-24T09:13:00+00:00,SUCCESS
PAY-000340,ORD-000340,14999.00,CARD,UTR-IND-00000340,2026-08-06T12:28:00+00:00,SUCCESS
PAY-000341,ORD-000341,999.00,WALLET,UTR-IND-00000341,2026-08-13T15:45:00+00:00,SUCCESS
PAY-000342,ORD-000342,2999.00,UPI,UTR-IND-00000342,2026-08-20T19:01:00+00:00,SUCCESS
PAY-000343,ORD-000343,1999.00,WALLET,UTR-IND-00000343,2026-08-02T21:20:00+00:00,SUCCESS
PAY-000344,ORD-000344,2499.00,NETBANKING,UTR-IND-00000344,2026-08-09T00:31:00+00:00,SUCCESS
PAY-000345,ORD-000345,7500.00,NETBANKING,UTR-IND-00000345,2026-08-16T03:47:00+00:00,SUCCESS
PAY-000346,ORD-000346,9999.00,NETBANKING,UTR-IND-00000346,2026-08-23T06:07:00+00:00,SUCCESS
PAY-000347,ORD-000347,999.00,WALLET,UTR-IND-00000347,2026-08-05T09:22:00+00:00,SUCCESS
PAY-000348,ORD-000348,1999.00,UPI,UTR-IND-00000348,2026-08-12T12:38:00+00:00,SUCCESS
PAY-000349,ORD-000349,4999.00,CARD,UTR-IND-00000349,2026-08-19T15:57:00+00:00,SUCCESS
PAY-000350,ORD-000350,1999.00,UPI,UTR-IND-00000350,2026-08-01T18:20:00+00:00,SUCCESS
PAY-000351,ORD-000351,1999.00,CARD,UTR-IND-00000351,2026-08-08T21:32:00+00:00,SUCCESS
PAY-000352,ORD-000352,4999.00,CARD,UTR-IND-00000352,2026-08-15T00:46:00+00:00,SUCCESS
PAY-000353,ORD-000353,2999.00,CARD,UTR-IND-00000353,2026-08-22T03:05:00+00:00,SUCCESS
PAY-000354,ORD-000354,2999.00,CARD,UTR-IND-00000354,2026-08-04T06:21:00+00:00,SUCCESS
PAY-000355,ORD-000355,299.00,CARD,UTR-IND-00000355,2026-08-11T09:37:00+00:00,SUCCESS
PAY-000356,ORD-000356,7500.00,CARD,UTR-IND-00000356,2026-08-18T12:59:00+00:00,SUCCESS
PAY-000357,ORD-000357,299.00,CARD,UTR-IND-00000357,2026-08-25T15:15:00+00:00,SUCCESS
PAY-000358,ORD-000358,499.00,CARD,UTR-IND-00000358,2026-08-07T18:34:00+00:00,SUCCESS
PAY-000359,ORD-000359,999.00,UPI,UTR-IND-00000359,2026-08-14T21:52:00+00:00,SUCCESS
PAY-000360,ORD-000360,25000.00,NETBANKING,UTR-IND-00000360,2026-08-21T00:10:00+00:00,SUCCESS
PAY-000361,ORD-000361,999.00,WALLET,UTR-IND-00000361,2026-08-03T03:27:00+00:00,SUCCESS
PAY-000362,ORD-000362,2499.00,UPI,UTR-IND-00000362,2026-08-10T06:44:00+00:00,SUCCESS
PAY-000363,ORD-000363,3499.00,WALLET,UTR-IND-00000363,2026-08-17T09:53:00+00:00,SUCCESS
PAY-000364,ORD-000364,499.00,WALLET,UTR-IND-00000364,2026-08-24T12:16:00+00:00,SUCCESS
PAY-000365,ORD-000365,14999.00,UPI,UTR-IND-00000365,2026-08-06T15:34:00+00:00,SUCCESS
PAY-000366,ORD-000366,25000.00,UPI,UTR-IND-00000366,2026-08-13T18:45:00+00:00,SUCCESS
PAY-000367,ORD-000367,4999.00,CARD,UTR-IND-00000367,2026-08-20T22:02:00+00:00,SUCCESS
PAY-000368,ORD-000368,1299.00,NETBANKING,UTR-IND-00000368,2026-08-02T00:26:00+00:00,SUCCESS
PAY-000369,ORD-000369,4999.00,WALLET,UTR-IND-00000369,2026-08-09T03:43:00+00:00,SUCCESS
PAY-000370,ORD-000370,3499.00,WALLET,UTR-IND-00000370,2026-08-16T07:00:00+00:00,SUCCESS
PAY-000371,ORD-000371,14999.00,UPI,UTR-IND-00000371,2026-08-23T09:10:00+00:00,SUCCESS
PAY-000372,ORD-000372,1999.00,WALLET,UTR-IND-00000372,2026-08-05T12:33:00+00:00,SUCCESS
PAY-000373,ORD-000373,2499.00,WALLET,UTR-IND-00000373,2026-08-12T15:48:00+00:00,SUCCESS
PAY-000374,ORD-000374,25000.00,WALLET,UTR-IND-00000374,2026-08-19T19:06:00+00:00,SUCCESS
PAY-000375,ORD-000375,999.00,NETBANKING,UTR-IND-00000375,2026-08-01T21:23:00+00:00,SUCCESS
PAY-000376,ORD-000376,4999.00,NETBANKING,UTR-IND-00000376,2026-08-08T00:39:00+00:00,SUCCESS
PAY-000377,ORD-000377,1299.00,WALLET,UTR-IND-00000377,2026-08-15T03:52:00+00:00,SUCCESS
PAY-000378,ORD-000378,799.00,UPI,UTR-IND-00000378,2026-08-22T06:09:00+00:00,SUCCESS
PAY-000379,ORD-000379,14999.00,UPI,UTR-IND-00000379,2026-08-04T09:30:00+00:00,SUCCESS
PAY-000380,ORD-000380,1299.00,UPI,UTR-IND-00000380,2026-08-11T12:50:00+00:00,SUCCESS
PAY-000381,ORD-000381,4999.00,UPI,UTR-IND-00000381,2026-08-18T16:05:00+00:00,SUCCESS
PAY-000382,ORD-000382,7500.00,WALLET,UTR-IND-00000382,2026-08-25T18:16:00+00:00,SUCCESS
PAY-000383,ORD-000383,3499.00,NETBANKING,UTR-IND-00000383,2026-08-07T21:38:00+00:00,SUCCESS
PAY-000384,ORD-000384,999.00,CARD,UTR-IND-00000384,2026-08-14T00:52:00+00:00,SUCCESS
PAY-000385,ORD-000385,49999.00,CARD,UTR-IND-00000385,2026-08-21T03:08:00+00:00,SUCCESS
PAY-000386,ORD-000386,7500.00,NETBANKING,UTR-IND-00000386,2026-08-03T06:25:00+00:00,SUCCESS
PAY-000387,ORD-000387,2999.00,CARD,UTR-IND-00000387,2026-08-10T09:47:00+00:00,SUCCESS
PAY-000388,ORD-000388,299.00,NETBANKING,UTR-IND-00000388,2026-08-17T12:58:00+00:00,SUCCESS
PAY-000389,ORD-000389,1499.50,NETBANKING,UTR-IND-00000389,2026-08-24T15:19:00+00:00,SUCCESS
PAY-000390,ORD-000390,4999.00,NETBANKING,UTR-IND-00000390,2026-08-06T18:32:00+00:00,SUCCESS
PAY-000391,ORD-000391,1499.50,CARD,UTR-IND-00000391,2026-08-13T21:55:00+00:00,SUCCESS
PAY-000392,ORD-000392,799.00,CARD,UTR-IND-00000392,2026-08-20T00:06:00+00:00,SUCCESS
PAY-000393,ORD-000393,799.00,CARD,UTR-IND-00000393,2026-08-02T03:29:00+00:00,SUCCESS
PAY-000394,ORD-000394,14999.00,WALLET,UTR-IND-00000394,2026-08-09T06:45:00+00:00,SUCCESS
PAY-000395,ORD-000395,1499.50,NETBANKING,UTR-IND-00000395,2026-08-16T10:01:00+00:00,SUCCESS
PAY-000396,ORD-000396,4999.00,UPI,UTR-IND-00000396,2026-08-23T12:14:00+00:00,SUCCESS
PAY-000397,ORD-000397,1299.00,CARD,UTR-IND-00000397,2026-08-05T15:31:00+00:00,SUCCESS
PAY-000398,ORD-000398,799.00,NETBANKING,UTR-IND-00000398,2026-08-12T18:55:00+00:00,SUCCESS
PAY-000399,ORD-000399,14999.00,WALLET,UTR-IND-00000399,2026-08-19T21:12:00+00:00,SUCCESS
PAY-000400,ORD-000400,14999.00,NETBANKING,UTR-IND-00000400,2026-08-01T00:25:00+00:00,SUCCESS
PAY-000401,ORD-000401,999.00,NETBANKING,UTR-IND-00000401,2026-08-08T03:45:00+00:00,SUCCESS
PAY-000402,ORD-000402,999.00,NETBANKING,UTR-IND-00000402,2026-08-15T07:03:00+00:00,SUCCESS
PAY-000403,ORD-000403,3499.00,UPI,UTR-IND-00000403,2026-08-22T09:16:00+00:00,SUCCESS
PAY-000404,ORD-000404,9999.00,UPI,UTR-IND-00000404,2026-08-04T12:30:00+00:00,SUCCESS
PAY-000405,ORD-000405,1999.00,NETBANKING,UTR-IND-00000405,2026-08-11T15:50:00+00:00,SUCCESS
PAY-000406,ORD-000406,1299.00,NETBANKING,UTR-IND-00000406,2026-08-18T18:08:00+00:00,SUCCESS
PAY-000407,ORD-000407,4999.00,UPI,UTR-IND-00000407,2026-08-25T21:21:00+00:00,SUCCESS
PAY-000408,ORD-000408,49999.00,WALLET,UTR-IND-00000408,2026-08-07T00:40:00+00:00,SUCCESS
PAY-000409,ORD-000409,1299.00,WALLET,UTR-IND-00000409,2026-08-14T04:03:00+00:00,SUCCESS
PAY-000410,ORD-000410,2499.00,NETBANKING,UTR-IND-00000410,2026-08-21T06:13:00+00:00,SUCCESS
PAY-000411,ORD-000411,9999.00,UPI,UTR-IND-00000411,2026-08-03T09:35:00+00:00,SUCCESS
PAY-000412,ORD-000412,299.00,WALLET,UTR-IND-00000412,2026-08-10T12:47:00+00:00,SUCCESS
PAY-000413,ORD-000413,4999.00,WALLET,UTR-IND-00000413,2026-08-17T15:09:00+00:00,SUCCESS
PAY-000414,ORD-000414,14999.00,NETBANKING,UTR-IND-00000414,2026-08-24T18:21:00+00:00,SUCCESS
PAY-000415,ORD-000415,9999.00,UPI,UTR-IND-00000415,2026-08-06T21:42:00+00:00,SUCCESS
PAY-000416,ORD-000416,1499.50,WALLET,UTR-IND-00000416,2026-08-13T00:59:00+00:00,SUCCESS
PAY-000417,ORD-000417,799.00,WALLET,UTR-IND-00000417,2026-08-20T03:12:00+00:00,SUCCESS
PAY-000418,ORD-000418,2499.00,WALLET,UTR-IND-00000418,2026-08-02T06:34:00+00:00,SUCCESS
PAY-000419,ORD-000419,799.00,WALLET,UTR-IND-00000419,2026-08-09T09:49:00+00:00,SUCCESS
PAY-000420,ORD-000420,4999.00,CARD,UTR-IND-00000420,2026-08-16T12:07:00+00:00,SUCCESS
PAY-000421,ORD-000421,1499.50,UPI,UTR-IND-00000421,2026-08-23T15:27:00+00:00,SUCCESS
PAY-000422,ORD-000422,999.00,CARD,UTR-IND-00000422,2026-08-05T18:41:00+00:00,SUCCESS
PAY-000423,ORD-000423,7500.00,CARD,UTR-IND-00000423,2026-08-12T21:56:00+00:00,SUCCESS
PAY-000424,ORD-000424,999.00,CARD,UTR-IND-00000424,2026-08-19T00:14:00+00:00,SUCCESS
PAY-000425,ORD-000425,1999.00,CARD,UTR-IND-00000425,2026-08-01T03:29:00+00:00,SUCCESS
PAY-000426,ORD-000426,799.00,CARD,UTR-IND-00000426,2026-08-08T06:51:00+00:00,SUCCESS
PAY-000427,ORD-000427,25000.00,WALLET,UTR-IND-00000427,2026-08-15T10:06:00+00:00,SUCCESS
PAY-000428,ORD-000428,4999.00,CARD,UTR-IND-00000428,2026-08-22T12:25:00+00:00,SUCCESS
PAY-000429,ORD-000429,799.00,WALLET,UTR-IND-00000429,2026-08-04T15:42:00+00:00,SUCCESS
PAY-000430,ORD-000430,3499.00,NETBANKING,UTR-IND-00000430,2026-08-11T18:52:00+00:00,SUCCESS
PAY-000431,ORD-000431,7500.00,UPI,UTR-IND-00000431,2026-08-18T21:13:00+00:00,SUCCESS
PAY-000432,ORD-000432,25000.00,WALLET,UTR-IND-00000432,2026-08-25T00:26:00+00:00,SUCCESS
PAY-000433,ORD-000433,499.00,NETBANKING,UTR-IND-00000433,2026-08-07T03:47:00+00:00,SUCCESS
PAY-000434,ORD-000434,799.00,UPI,UTR-IND-00000434,2026-08-14T07:08:00+00:00,SUCCESS
PAY-000435,ORD-000435,9999.00,WALLET,UTR-IND-00000435,2026-08-21T09:25:00+00:00,SUCCESS
PAY-000436,ORD-000436,499.00,WALLET,UTR-IND-00000436,2026-08-03T12:37:00+00:00,SUCCESS
PAY-000437,ORD-000437,4999.00,WALLET,UTR-IND-00000437,2026-08-10T15:59:00+00:00,SUCCESS
PAY-000438,ORD-000438,1299.00,UPI,UTR-IND-00000438,2026-08-17T18:15:00+00:00,SUCCESS
PAY-000439,ORD-000439,999.00,NETBANKING,UTR-IND-00000439,2026-08-24T21:26:00+00:00,SUCCESS
PAY-000440,ORD-000440,1499.50,UPI,UTR-IND-00000440,2026-08-06T00:45:00+00:00,SUCCESS
PAY-000441,ORD-000441,25000.00,WALLET,UTR-IND-00000441,2026-08-13T04:07:00+00:00,SUCCESS
PAY-000442,ORD-000442,1499.50,NETBANKING,UTR-IND-00000442,2026-08-20T06:21:00+00:00,SUCCESS
PAY-000443,ORD-000443,3499.00,WALLET,UTR-IND-00000443,2026-08-02T09:39:00+00:00,SUCCESS
PAY-000444,ORD-000444,4999.00,UPI,UTR-IND-00000444,2026-08-09T12:55:00+00:00,SUCCESS
PAY-000445,ORD-000445,799.00,NETBANKING,UTR-IND-00000445,2026-08-16T15:08:00+00:00,SUCCESS
PAY-000446,ORD-000446,9999.00,NETBANKING,UTR-IND-00000446,2026-08-23T18:28:00+00:00,SUCCESS
PAY-000447,ORD-000447,1299.00,NETBANKING,UTR-IND-00000447,2026-08-05T21:42:00+00:00,SUCCESS
PAY-000448,ORD-000448,1299.00,NETBANKING,UTR-IND-00000448,2026-08-12T01:02:00+00:00,SUCCESS
PAY-000449,ORD-000449,9999.00,CARD,UTR-IND-00000449,2026-08-19T03:16:00+00:00,SUCCESS
PAY-000450,ORD-000450,3499.00,WALLET,UTR-IND-00000450,2026-08-01T06:37:00+00:00,SUCCESS
PAY-000451,ORD-000451,1299.00,UPI,UTR-IND-00000451,2026-08-08T09:55:00+00:00,SUCCESS
PAY-000452,ORD-000452,7500.00,UPI,UTR-IND-00000452,2026-08-15T12:11:00+00:00,SUCCESS
PAY-000453,ORD-000453,3499.00,CARD,UTR-IND-00000453,2026-08-22T15:26:00+00:00,SUCCESS
PAY-000454,ORD-000454,4999.00,WALLET,UTR-IND-00000454,2026-08-04T18:43:00+00:00,SUCCESS
PAY-000455,ORD-000455,2499.00,CARD,UTR-IND-00000455,2026-08-11T21:59:00+00:00,SUCCESS
PAY-000456,ORD-000456,799.00,NETBANKING,UTR-IND-00000456,2026-08-18T00:15:00+00:00,SUCCESS
PAY-000457,ORD-000457,499.00,NETBANKING,UTR-IND-00000457,2026-08-25T03:33:00+00:00,SUCCESS
PAY-000458,ORD-000458,9999.00,CARD,UTR-IND-00000458,2026-08-07T06:50:00+00:00,SUCCESS
PAY-000459,ORD-000459,1499.50,CARD,UTR-IND-00000459,2026-08-14T09:12:00+00:00,SUCCESS
PAY-000460,ORD-000460,499.00,WALLET,UTR-IND-00000460,2026-08-21T12:27:00+00:00,SUCCESS
PAY-000461,ORD-000461,2499.00,WALLET,UTR-IND-00000461,2026-08-03T15:43:00+00:00,SUCCESS
PAY-000462,ORD-000462,25000.00,CARD,UTR-IND-00000462,2026-08-10T19:04:00+00:00,SUCCESS
PAY-000463,ORD-000463,2499.00,NETBANKING,UTR-IND-00000463,2026-08-17T21:20:00+00:00,SUCCESS
PAY-000464,ORD-000464,1999.00,NETBANKING,UTR-IND-00000464,2026-08-24T00:37:00+00:00,SUCCESS
PAY-000465,ORD-000465,25000.00,NETBANKING,UTR-IND-00000465,2026-08-06T03:53:00+00:00,SUCCESS
PAY-000466,ORD-000466,14999.00,CARD,UTR-IND-00000466,2026-08-13T06:07:00+00:00,SUCCESS
PAY-000467,ORD-000467,1299.00,NETBANKING,UTR-IND-00000467,2026-08-20T09:21:00+00:00,SUCCESS
PAY-000468,ORD-000468,49999.00,NETBANKING,UTR-IND-00000468,2026-08-02T12:46:00+00:00,SUCCESS
PAY-000469,ORD-000469,999.00,UPI,UTR-IND-00000469,2026-08-09T15:59:00+00:00,SUCCESS
PAY-000470,ORD-000470,799.00,CARD,UTR-IND-00000470,2026-08-16T18:16:00+00:00,SUCCESS
PAY-000471,ORD-000471,25000.00,CARD,UTR-IND-00000471,2026-08-23T21:35:00+00:00,SUCCESS
PAY-000472,ORD-000472,799.00,CARD,UTR-IND-00000472,2026-08-05T00:53:00+00:00,SUCCESS
PAY-000473,ORD-000473,7500.00,UPI,UTR-IND-00000473,2026-08-12T03:09:00+00:00,SUCCESS
PAY-000474,ORD-000474,499.00,WALLET,UTR-IND-00000474,2026-08-19T06:28:00+00:00,SUCCESS
PAY-000475,ORD-000475,7500.00,CARD,UTR-IND-00000475,2026-08-01T09:43:00+00:00,SUCCESS
PAY-000476,ORD-000476,799.00,NETBANKING,UTR-IND-00000476,2026-08-08T12:57:00+00:00,SUCCESS
PAY-000477,ORD-000477,299.00,NETBANKING,UTR-IND-00000477,2026-08-15T15:12:00+00:00,SUCCESS
PAY-000478,ORD-000478,4999.00,CARD,UTR-IND-00000478,2026-08-22T18:30:00+00:00,SUCCESS
PAY-000479,ORD-000479,499.00,NETBANKING,UTR-IND-00000479,2026-08-04T21:52:00+00:00,SUCCESS
PAY-000480,ORD-000480,1299.00,WALLET,UTR-IND-00000480,2026-08-11T00:09:00+00:00,SUCCESS
PAY-000481,ORD-000481,299.00,UPI,UTR-IND-00000481,2026-08-18T03:19:00+00:00,SUCCESS
PAY-000482,ORD-000482,2999.00,CARD,UTR-IND-00000482,2026-08-25T06:38:00+00:00,SUCCESS
PAY-000483,ORD-000483,14999.00,UPI,UTR-IND-00000483,2026-08-07T09:57:00+00:00,SUCCESS
PAY-000484,ORD-000484,2499.00,NETBANKING,UTR-IND-00000484,2026-08-14T12:11:00+00:00,SUCCESS
PAY-000485,ORD-000485,499.00,CARD,UTR-IND-00000485,2026-08-21T15:33:00+00:00,SUCCESS
PAY-000486,ORD-000486,25000.00,UPI,UTR-IND-00000486,2026-08-03T18:45:00+00:00,SUCCESS
PAY-000487,ORD-000487,49999.00,UPI,UTR-IND-00000487,2026-08-10T22:09:00+00:00,SUCCESS
PAY-000488,ORD-000488,2499.00,CARD,UTR-IND-00000488,2026-08-17T00:22:00+00:00,SUCCESS
PAY-000489,ORD-000489,14999.00,UPI,UTR-IND-00000489,2026-08-24T03:40:00+00:00,SUCCESS
PAY-000490,ORD-000490,2499.00,WALLET,UTR-IND-00000490,2026-08-06T06:54:00+00:00,SUCCESS
PAY-000491,ORD-000491,799.00,NETBANKING,UTR-IND-00000491,2026-08-13T09:10:00+00:00,SUCCESS
PAY-000492,ORD-000492,299.00,WALLET,UTR-IND-00000492,2026-08-20T12:33:00+00:00,SUCCESS
PAY-000493,ORD-000493,499.00,WALLET,UTR-IND-00000493,2026-08-02T15:48:00+00:00,SUCCESS
PAY-000494,ORD-000494,2999.00,UPI,UTR-IND-00000494,2026-08-09T19:05:00+00:00,SUCCESS
PAY-000495,ORD-000495,799.00,NETBANKING,UTR-IND-00000495,2026-08-16T21:20:00+00:00,SUCCESS
PAY-000496,ORD-000496,999.00,NETBANKING,UTR-IND-00000496,2026-08-23T00:36:00+00:00,SUCCESS
PAY-000497,ORD-000497,499.00,NETBANKING,UTR-IND-00000497,2026-08-05T03:59:00+00:00,SUCCESS
PAY-000498,ORD-000498,4999.00,CARD,UTR-IND-00000498,2026-08-12T06:15:00+00:00,SUCCESS
PAY-000499,ORD-000499,49999.00,CARD,UTR-IND-00000499,2026-08-19T09:27:00+00:00,SUCCESS
PAY-000500,ORD-000500,799.00,WALLET,UTR-IND-00000500,2026-08-01T12:42:00+00:00,SUCCESS
PAY-000501,ORD-000501,3499.00,CARD,UTR-IND-00000501,2026-08-08T15:59:00+00:00,SUCCESS
PAY-000502,ORD-000502,1999.00,UPI,UTR-IND-00000502,2026-08-15T18:21:00+00:00,SUCCESS
PAY-000503,ORD-000503,3499.00,WALLET,UTR-IND-00000503,2026-08-22T21:41:00+00:00,SUCCESS
PAY-000504,ORD-000504,49999.00,NETBANKING,UTR-IND-00000504,2026-08-04T00:50:00+00:00,SUCCESS
PAY-000505,ORD-000505,1999.00,NETBANKING,UTR-IND-00000505,2026-08-11T03:12:00+00:00,SUCCESS
PAY-000506,ORD-000506,499.00,NETBANKING,UTR-IND-00000506,2026-08-18T06:28:00+00:00,SUCCESS
PAY-000507,ORD-000507,999.00,NETBANKING,UTR-IND-00000507,2026-08-25T09:47:00+00:00,SUCCESS
PAY-000508,ORD-000508,9999.00,WALLET,UTR-IND-00000508,2026-08-07T13:04:00+00:00,SUCCESS
PAY-000509,ORD-000509,4999.00,CARD,UTR-IND-00000509,2026-08-14T15:22:00+00:00,SUCCESS
PAY-000510,ORD-000510,49999.00,NETBANKING,UTR-IND-00000510,2026-08-21T18:40:00+00:00,SUCCESS
PAY-000511,ORD-000511,2999.00,UPI,UTR-IND-00000511,2026-08-03T21:55:00+00:00,SUCCESS
PAY-000512,ORD-000512,799.00,WALLET,UTR-IND-00000512,2026-08-10T00:08:00+00:00,SUCCESS
PAY-000513,ORD-000513,3499.00,NETBANKING,UTR-IND-00000513,2026-08-17T03:24:00+00:00,SUCCESS
PAY-000514,ORD-000514,799.00,NETBANKING,UTR-IND-00000514,2026-08-24T06:44:00+00:00,SUCCESS
PAY-000515,ORD-000515,3499.00,WALLET,UTR-IND-00000515,2026-08-06T10:03:00+00:00,SUCCESS
PAY-000516,ORD-000516,1499.50,WALLET,UTR-IND-00000516,2026-08-13T12:19:00+00:00,SUCCESS
PAY-000517,ORD-000517,25000.00,UPI,UTR-IND-00000517,2026-08-20T15:36:00+00:00,SUCCESS
PAY-000518,ORD-000518,14999.00,NETBANKING,UTR-IND-00000518,2026-08-02T18:48:00+00:00,SUCCESS
PAY-000519,ORD-000519,799.00,WALLET,UTR-IND-00000519,2026-08-09T21:10:00+00:00,SUCCESS
PAY-000520,ORD-000520,1499.50,UPI,UTR-IND-00000520,2026-08-16T00:24:00+00:00,SUCCESS
PAY-000521,ORD-000521,25000.00,UPI,UTR-IND-00000521,2026-08-23T03:41:00+00:00,SUCCESS
PAY-000522,ORD-000522,799.00,CARD,UTR-IND-00000522,2026-08-05T07:01:00+00:00,SUCCESS
PAY-000523,ORD-000523,7500.00,WALLET,UTR-IND-00000523,2026-08-12T09:13:00+00:00,SUCCESS
PAY-000524,ORD-000524,1299.00,WALLET,UTR-IND-00000524,2026-08-19T12:35:00+00:00,SUCCESS
PAY-000525,ORD-000525,7500.00,WALLET,UTR-IND-00000525,2026-08-01T15:48:00+00:00,SUCCESS
PAY-000526,ORD-000526,1299.00,NETBANKING,UTR-IND-00000526,2026-08-08T18:10:00+00:00,SUCCESS
PAY-000527,ORD-000527,4999.00,NETBANKING,UTR-IND-00000527,2026-08-15T21:24:00+00:00,SUCCESS
PAY-000528,ORD-000528,999.00,UPI,UTR-IND-00000528,2026-08-22T00:40:00+00:00,SUCCESS
PAY-000529,ORD-000529,49999.00,WALLET,UTR-IND-00000529,2026-08-04T04:03:00+00:00,SUCCESS
PAY-000530,ORD-000530,999.00,NETBANKING,UTR-IND-00000530,2026-08-11T06:16:00+00:00,SUCCESS
PAY-000531,ORD-000531,25000.00,CARD,UTR-IND-00000531,2026-08-18T09:33:00+00:00,SUCCESS
PAY-000532,ORD-000532,49999.00,CARD,UTR-IND-00000532,2026-08-25T12:47:00+00:00,SUCCESS
PAY-000533,ORD-000533,1299.00,UPI,UTR-IND-00000533,2026-08-07T15:10:00+00:00,SUCCESS
PAY-000534,ORD-000534,1499.50,WALLET,UTR-IND-00000534,2026-08-14T18:21:00+00:00,SUCCESS
PAY-000535,ORD-000535,4999.00,NETBANKING,UTR-IND-00000535,2026-08-21T21:38:00+00:00,SUCCESS
PAY-000536,ORD-000536,3499.00,NETBANKING,UTR-IND-00000536,2026-08-03T00:56:00+00:00,SUCCESS
PAY-000537,ORD-000537,1499.50,NETBANKING,UTR-IND-00000537,2026-08-10T03:19:00+00:00,SUCCESS
PAY-000538,ORD-000538,2499.00,UPI,UTR-IND-00000538,2026-08-17T06:31:00+00:00,SUCCESS
PAY-000539,ORD-000539,1299.00,CARD,UTR-IND-00000539,2026-08-24T09:52:00+00:00,SUCCESS
PAY-000540,ORD-000540,299.00,NETBANKING,UTR-IND-00000540,2026-08-06T12:10:00+00:00,SUCCESS
PAY-000541,ORD-000541,7500.00,WALLET,UTR-IND-00000541,2026-08-13T15:27:00+00:00,SUCCESS
PAY-000542,ORD-000542,1299.00,UPI,UTR-IND-00000542,2026-08-20T18:37:00+00:00,SUCCESS
PAY-000543,ORD-000543,3499.00,WALLET,UTR-IND-00000543,2026-08-02T22:00:00+00:00,SUCCESS
PAY-000544,ORD-000544,14999.00,WALLET,UTR-IND-00000544,2026-08-09T00:11:00+00:00,SUCCESS
PAY-000545,ORD-000545,1299.00,NETBANKING,UTR-IND-00000545,2026-08-16T03:28:00+00:00,SUCCESS
PAY-000546,ORD-000546,25000.00,WALLET,UTR-IND-00000546,2026-08-23T06:52:00+00:00,SUCCESS
PAY-000547,ORD-000547,7500.00,CARD,UTR-IND-00000547,2026-08-05T10:09:00+00:00,SUCCESS
PAY-000548,ORD-000548,1499.50,CARD,UTR-IND-00000548,2026-08-12T12:24:00+00:00,SUCCESS
PAY-000549,ORD-000549,499.00,UPI,UTR-IND-00000549,2026-08-19T15:43:00+00:00,SUCCESS
PAY-000550,ORD-000550,1299.00,NETBANKING,UTR-IND-00000550,2026-08-01T18:54:00+00:00,SUCCESS
PAY-000551,ORD-000551,1499.50,NETBANKING,UTR-IND-00000551,2026-08-08T21:12:00+00:00,SUCCESS
PAY-000552,ORD-000552,7500.00,NETBANKING,UTR-IND-00000552,2026-08-15T00:27:00+00:00,SUCCESS
PAY-000553,ORD-000553,2999.00,CARD,UTR-IND-00000553,2026-08-22T03:51:00+00:00,SUCCESS
PAY-000554,ORD-000554,2999.00,CARD,UTR-IND-00000554,2026-08-04T07:04:00+00:00,SUCCESS
PAY-000555,ORD-000555,799.00,CARD,UTR-IND-00000555,2026-08-11T09:19:00+00:00,SUCCESS
PAY-000556,ORD-000556,1499.50,NETBANKING,UTR-IND-00000556,2026-08-18T12:34:00+00:00,SUCCESS
PAY-000557,ORD-000557,299.00,UPI,UTR-IND-00000557,2026-08-25T15:51:00+00:00,SUCCESS
PAY-000558,ORD-000558,2999.00,CARD,UTR-IND-00000558,2026-08-07T18:14:00+00:00,SUCCESS
PAY-000559,ORD-000559,299.00,WALLET,UTR-IND-00000559,2026-08-14T21:33:00+00:00,SUCCESS
PAY-000560,ORD-000560,3499.00,NETBANKING,UTR-IND-00000560,2026-08-21T00:49:00+00:00,SUCCESS
PAY-000561,ORD-000561,2499.00,WALLET,UTR-IND-00000561,2026-08-03T04:03:00+00:00,SUCCESS
PAY-000562,ORD-000562,25000.00,UPI,UTR-IND-00000562,2026-08-10T06:16:00+00:00,SUCCESS
PAY-000563,ORD-000563,1499.50,WALLET,UTR-IND-00000563,2026-08-17T09:39:00+00:00,SUCCESS
PAY-000564,ORD-000564,49999.00,WALLET,UTR-IND-00000564,2026-08-24T12:53:00+00:00,SUCCESS
PAY-000565,ORD-000565,4999.00,CARD,UTR-IND-00000565,2026-08-06T15:12:00+00:00,SUCCESS
PAY-000566,ORD-000566,4999.00,NETBANKING,UTR-IND-00000566,2026-08-13T18:30:00+00:00,SUCCESS
PAY-000567,ORD-000567,1299.00,NETBANKING,UTR-IND-00000567,2026-08-20T21:49:00+00:00,SUCCESS
PAY-000568,ORD-000568,999.00,NETBANKING,UTR-IND-00000568,2026-08-02T01:01:00+00:00,SUCCESS
PAY-000569,ORD-000569,25000.00,UPI,UTR-IND-00000569,2026-08-09T03:19:00+00:00,SUCCESS
PAY-000570,ORD-000570,25000.00,CARD,UTR-IND-00000570,2026-08-16T06:34:00+00:00,SUCCESS
PAY-000571,ORD-000571,999.00,UPI,UTR-IND-00000571,2026-08-23T09:53:00+00:00,SUCCESS
PAY-000572,ORD-000572,9999.00,WALLET,UTR-IND-00000572,2026-08-05T12:09:00+00:00,SUCCESS
PAY-000573,ORD-000573,1499.50,NETBANKING,UTR-IND-00000573,2026-08-12T15:28:00+00:00,SUCCESS
PAY-000574,ORD-000574,1999.00,CARD,UTR-IND-00000574,2026-08-19T18:47:00+00:00,SUCCESS
PAY-000575,ORD-000575,25000.00,WALLET,UTR-IND-00000575,2026-08-01T22:01:00+00:00,SUCCESS
PAY-000576,ORD-000576,49999.00,UPI,UTR-IND-00000576,2026-08-08T00:15:00+00:00,SUCCESS
PAY-000577,ORD-000577,9999.00,WALLET,UTR-IND-00000577,2026-08-15T03:34:00+00:00,SUCCESS
PAY-000578,ORD-000578,1999.00,NETBANKING,UTR-IND-00000578,2026-08-22T06:48:00+00:00,SUCCESS
PAY-000579,ORD-000579,499.00,NETBANKING,UTR-IND-00000579,2026-08-04T09:12:00+00:00,SUCCESS
PAY-000580,ORD-000580,49999.00,NETBANKING,UTR-IND-00000580,2026-08-11T12:30:00+00:00,SUCCESS
PAY-000581,ORD-000581,299.00,UPI,UTR-IND-00000581,2026-08-18T15:45:00+00:00,SUCCESS
PAY-000582,ORD-000582,1299.00,NETBANKING,UTR-IND-00000582,2026-08-25T19:01:00+00:00,SUCCESS
PAY-000583,ORD-000583,9999.00,NETBANKING,UTR-IND-00000583,2026-08-07T21:13:00+00:00,SUCCESS
PAY-000584,ORD-000584,9999.00,UPI,UTR-IND-00000584,2026-08-14T00:38:00+00:00,SUCCESS
PAY-000585,ORD-000585,1999.00,NETBANKING,UTR-IND-00000585,2026-08-21T03:55:00+00:00,SUCCESS
PAY-000586,ORD-000586,3499.00,UPI,UTR-IND-00000586,2026-08-03T06:10:00+00:00,SUCCESS
PAY-000587,ORD-000587,25000.00,NETBANKING,UTR-IND-00000587,2026-08-10T09:22:00+00:00,SUCCESS
PAY-000588,ORD-000588,1299.00,UPI,UTR-IND-00000588,2026-08-17T12:44:00+00:00,SUCCESS
PAY-000589,ORD-000589,7500.00,NETBANKING,UTR-IND-00000589,2026-08-24T16:03:00+00:00,SUCCESS
PAY-000590,ORD-000590,7500.00,CARD,UTR-IND-00000590,2026-08-06T18:15:00+00:00,SUCCESS
PAY-000591,ORD-000591,9999.00,UPI,UTR-IND-00000591,2026-08-13T21:29:00+00:00,SUCCESS
PAY-000592,ORD-000592,499.00,CARD,UTR-IND-00000592,2026-08-20T00:51:00+00:00,SUCCESS
PAY-000593,ORD-000593,49999.00,WALLET,UTR-IND-00000593,2026-08-02T03:05:00+00:00,SUCCESS
PAY-000594,ORD-000594,1299.00,NETBANKING,UTR-IND-00000594,2026-08-09T06:25:00+00:00,SUCCESS
PAY-000595,ORD-000595,1499.50,WALLET,UTR-IND-00000595,2026-08-16T09:41:00+00:00,SUCCESS
PAY-000596,ORD-000596,4999.00,WALLET,UTR-IND-00000596,2026-08-23T12:58:00+00:00,SUCCESS
PAY-000597,ORD-000597,49999.00,UPI,UTR-IND-00000597,2026-08-05T15:16:00+00:00,SUCCESS
PAY-000598,ORD-000598,4999.00,UPI,UTR-IND-00000598,2026-08-12T18:34:00+00:00,SUCCESS
PAY-000599,ORD-000599,3499.00,UPI,UTR-IND-00000599,2026-08-19T21:52:00+00:00,SUCCESS
PAY-000600,ORD-000600,2999.00,CARD,UTR-IND-00000600,2026-08-01T00:02:00+00:00,SUCCESS
PAY-000601,ORD-000601,49999.00,CARD,UTR-IND-00000601,2026-08-08T03:27:00+00:00,SUCCESS
PAY-000602,ORD-000602,9999.00,CARD,UTR-IND-00000602,2026-08-15T06:39:00+00:00,SUCCESS
PAY-000603,ORD-000603,499.00,UPI,UTR-IND-00000603,2026-08-22T09:56:00+00:00,SUCCESS
PAY-000604,ORD-000604,299.00,WALLET,UTR-IND-00000604,2026-08-04T12:15:00+00:00,SUCCESS
PAY-000605,ORD-000605,14999.00,CARD,UTR-IND-00000605,2026-08-11T15:33:00+00:00,SUCCESS
PAY-000606,ORD-000606,1999.00,WALLET,UTR-IND-00000606,2026-08-18T18:52:00+00:00,SUCCESS
PAY-000607,ORD-000607,49999.00,UPI,UTR-IND-00000607,2026-08-25T22:03:00+00:00,SUCCESS
PAY-000608,ORD-000608,1999.00,NETBANKING,UTR-IND-00000608,2026-08-07T00:25:00+00:00,SUCCESS
PAY-000609,ORD-000609,9999.00,NETBANKING,UTR-IND-00000609,2026-08-14T03:37:00+00:00,SUCCESS
PAY-000610,ORD-000610,25000.00,NETBANKING,UTR-IND-00000610,2026-08-21T07:00:00+00:00,SUCCESS
PAY-000611,ORD-000611,7500.00,NETBANKING,UTR-IND-00000611,2026-08-03T09:16:00+00:00,SUCCESS
PAY-000612,ORD-000612,1999.00,CARD,UTR-IND-00000612,2026-08-10T12:30:00+00:00,SUCCESS
PAY-000613,ORD-000613,3499.00,CARD,UTR-IND-00000613,2026-08-17T15:47:00+00:00,SUCCESS
PAY-000614,ORD-000614,3499.00,CARD,UTR-IND-00000614,2026-08-24T19:07:00+00:00,SUCCESS
PAY-000615,ORD-000615,4999.00,WALLET,UTR-IND-00000615,2026-08-06T21:22:00+00:00,SUCCESS
PAY-000616,ORD-000616,2999.00,NETBANKING,UTR-IND-00000616,2026-08-13T00:35:00+00:00,SUCCESS
PAY-000617,ORD-000617,9999.00,WALLET,UTR-IND-00000617,2026-08-20T03:56:00+00:00,SUCCESS
PAY-000618,ORD-000618,1299.00,NETBANKING,UTR-IND-00000618,2026-08-02T06:08:00+00:00,SUCCESS
PAY-000619,ORD-000619,3499.00,UPI,UTR-IND-00000619,2026-08-09T09:30:00+00:00,SUCCESS
PAY-000620,ORD-000620,25000.00,NETBANKING,UTR-IND-00000620,2026-08-16T12:49:00+00:00,SUCCESS
PAY-000621,ORD-000621,1999.00,CARD,UTR-IND-00000621,2026-08-23T16:07:00+00:00,SUCCESS
PAY-000622,ORD-000622,2999.00,NETBANKING,UTR-IND-00000622,2026-08-05T18:18:00+00:00,SUCCESS
PAY-000623,ORD-000623,999.00,CARD,UTR-IND-00000623,2026-08-12T21:36:00+00:00,SUCCESS
PAY-000624,ORD-000624,499.00,CARD,UTR-IND-00000624,2026-08-19T00:53:00+00:00,SUCCESS
PAY-000625,ORD-000625,499.00,UPI,UTR-IND-00000625,2026-08-01T03:13:00+00:00,SUCCESS
PAY-000626,ORD-000626,4999.00,WALLET,UTR-IND-00000626,2026-08-08T06:25:00+00:00,SUCCESS
PAY-000627,ORD-000627,1299.00,UPI,UTR-IND-00000627,2026-08-15T09:49:00+00:00,SUCCESS
PAY-000628,ORD-000628,1499.50,WALLET,UTR-IND-00000628,2026-08-22T13:05:00+00:00,SUCCESS
PAY-000629,ORD-000629,49999.00,CARD,UTR-IND-00000629,2026-08-04T15:19:00+00:00,SUCCESS
PAY-000630,ORD-000630,4999.00,NETBANKING,UTR-IND-00000630,2026-08-11T18:32:00+00:00,SUCCESS
PAY-000631,ORD-000631,799.00,CARD,UTR-IND-00000631,2026-08-18T21:57:00+00:00,SUCCESS
PAY-000632,ORD-000632,499.00,CARD,UTR-IND-00000632,2026-08-25T00:12:00+00:00,SUCCESS
PAY-000633,ORD-000633,1499.50,UPI,UTR-IND-00000633,2026-08-07T03:29:00+00:00,SUCCESS
PAY-000634,ORD-000634,49999.00,CARD,UTR-IND-00000634,2026-08-14T06:44:00+00:00,SUCCESS
PAY-000635,ORD-000635,499.00,UPI,UTR-IND-00000635,2026-08-21T10:01:00+00:00,SUCCESS
PAY-000636,ORD-000636,999.00,NETBANKING,UTR-IND-00000636,2026-08-03T12:18:00+00:00,SUCCESS
PAY-000637,ORD-000637,25000.00,WALLET,UTR-IND-00000637,2026-08-10T15:33:00+00:00,SUCCESS
PAY-000638,ORD-000638,25000.00,NETBANKING,UTR-IND-00000638,2026-08-17T18:51:00+00:00,SUCCESS
PAY-000639,ORD-000639,999.00,NETBANKING,UTR-IND-00000639,2026-08-24T21:07:00+00:00,SUCCESS
PAY-000640,ORD-000640,25000.00,NETBANKING,UTR-IND-00000640,2026-08-06T00:24:00+00:00,SUCCESS
PAY-000641,ORD-000641,299.00,NETBANKING,UTR-IND-00000641,2026-08-13T03:43:00+00:00,SUCCESS
PAY-000642,ORD-000642,1999.00,CARD,UTR-IND-00000642,2026-08-20T07:02:00+00:00,SUCCESS
PAY-000643,ORD-000643,14999.00,NETBANKING,UTR-IND-00000643,2026-08-02T09:14:00+00:00,SUCCESS
PAY-000644,ORD-000644,9999.00,UPI,UTR-IND-00000644,2026-08-09T12:32:00+00:00,SUCCESS
PAY-000645,ORD-000645,1299.00,WALLET,UTR-IND-00000645,2026-08-16T15:52:00+00:00,SUCCESS
PAY-000646,ORD-000646,2499.00,UPI,UTR-IND-00000646,2026-08-23T18:08:00+00:00,SUCCESS
PAY-000647,ORD-000647,9999.00,CARD,UTR-IND-00000647,2026-08-05T21:28:00+00:00,SUCCESS
PAY-000648,ORD-000648,2999.00,NETBANKING,UTR-IND-00000648,2026-08-12T00:42:00+00:00,SUCCESS
PAY-000649,ORD-000649,299.00,NETBANKING,UTR-IND-00000649,2026-08-19T04:00:00+00:00,SUCCESS
PAY-000650,ORD-000650,2499.00,UPI,UTR-IND-00000650,2026-08-01T06:13:00+00:00,SUCCESS
PAY-000651,ORD-000651,25000.00,NETBANKING,UTR-IND-00000651,2026-08-08T09:31:00+00:00,SUCCESS
PAY-000652,ORD-000652,9999.00,NETBANKING,UTR-IND-00000652,2026-08-15T12:47:00+00:00,SUCCESS
PAY-000653,ORD-000653,3499.00,NETBANKING,UTR-IND-00000653,2026-08-22T15:06:00+00:00,SUCCESS
PAY-000654,ORD-000654,2499.00,CARD,UTR-IND-00000654,2026-08-04T18:27:00+00:00,SUCCESS
PAY-000655,ORD-000655,1299.00,WALLET,UTR-IND-00000655,2026-08-11T21:42:00+00:00,SUCCESS
PAY-000656,ORD-000656,14999.00,WALLET,UTR-IND-00000656,2026-08-18T01:02:00+00:00,SUCCESS
PAY-000657,ORD-000657,1999.00,CARD,UTR-IND-00000657,2026-08-25T03:12:00+00:00,SUCCESS
PAY-000658,ORD-000658,25000.00,NETBANKING,UTR-IND-00000658,2026-08-07T06:29:00+00:00,SUCCESS
PAY-000659,ORD-000659,999.00,UPI,UTR-IND-00000659,2026-08-14T09:53:00+00:00,SUCCESS
PAY-000660,ORD-000660,1999.00,CARD,UTR-IND-00000660,2026-08-21T12:04:00+00:00,SUCCESS
PAY-000661,ORD-000661,4999.00,WALLET,UTR-IND-00000661,2026-08-03T15:20:00+00:00,SUCCESS
PAY-000662,ORD-000662,1999.00,WALLET,UTR-IND-00000662,2026-08-10T18:37:00+00:00,SUCCESS
PAY-000663,ORD-000663,25000.00,UPI,UTR-IND-00000663,2026-08-17T22:00:00+00:00,SUCCESS
PAY-000664,ORD-000664,1299.00,WALLET,UTR-IND-00000664,2026-08-24T00:17:00+00:00,SUCCESS
PAY-000665,ORD-000665,499.00,WALLET,UTR-IND-00000665,2026-08-06T03:31:00+00:00,SUCCESS
PAY-000666,ORD-000666,299.00,WALLET,UTR-IND-00000666,2026-08-13T06:48:00+00:00,SUCCESS
PAY-000667,ORD-000667,299.00,CARD,UTR-IND-00000667,2026-08-20T10:02:00+00:00,SUCCESS
PAY-000668,ORD-000668,499.00,WALLET,UTR-IND-00000668,2026-08-02T12:23:00+00:00,SUCCESS
PAY-000669,ORD-000669,799.00,UPI,UTR-IND-00000669,2026-08-09T15:36:00+00:00,SUCCESS
PAY-000670,ORD-000670,49999.00,UPI,UTR-IND-00000670,2026-08-16T18:56:00+00:00,SUCCESS
PAY-000671,ORD-000671,14999.00,CARD,UTR-IND-00000671,2026-08-23T21:11:00+00:00,SUCCESS
PAY-000672,ORD-000672,14999.00,NETBANKING,UTR-IND-00000672,2026-08-05T00:32:00+00:00,SUCCESS
PAY-000673,ORD-000673,25000.00,WALLET,UTR-IND-00000673,2026-08-12T03:49:00+00:00,SUCCESS
PAY-000674,ORD-000674,799.00,CARD,UTR-IND-00000674,2026-08-19T07:05:00+00:00,SUCCESS
PAY-000675,ORD-000675,999.00,CARD,UTR-IND-00000675,2026-08-01T09:25:00+00:00,SUCCESS
PAY-000676,ORD-000676,9999.00,CARD,UTR-IND-00000676,2026-08-08T12:37:00+00:00,SUCCESS
PAY-000677,ORD-000677,299.00,UPI,UTR-IND-00000677,2026-08-15T15:55:00+00:00,SUCCESS
PAY-000678,ORD-000678,25000.00,WALLET,UTR-IND-00000678,2026-08-22T18:16:00+00:00,SUCCESS
PAY-000679,ORD-000679,9999.00,CARD,UTR-IND-00000679,2026-08-04T21:28:00+00:00,SUCCESS
PAY-000680,ORD-000680,25000.00,NETBANKING,UTR-IND-00000680,2026-08-11T00:44:00+00:00,SUCCESS
PAY-000681,ORD-000681,2999.00,CARD,UTR-IND-00000681,2026-08-18T04:00:00+00:00,SUCCESS
PAY-000682,ORD-000682,499.00,WALLET,UTR-IND-00000682,2026-08-25T06:16:00+00:00,SUCCESS
PAY-000683,ORD-000683,2499.00,CARD,UTR-IND-00000683,2026-08-07T09:34:00+00:00,SUCCESS
PAY-000684,ORD-000684,999.00,UPI,UTR-IND-00000684,2026-08-14T12:57:00+00:00,SUCCESS
PAY-000685,ORD-000685,499.00,CARD,UTR-IND-00000685,2026-08-21T15:07:00+00:00,SUCCESS
PAY-000686,ORD-000686,9999.00,WALLET,UTR-IND-00000686,2026-08-03T18:27:00+00:00,SUCCESS
PAY-000687,ORD-000687,1999.00,UPI,UTR-IND-00000687,2026-08-10T21:43:00+00:00,SUCCESS
PAY-000688,ORD-000688,3499.00,CARD,UTR-IND-00000688,2026-08-17T01:03:00+00:00,SUCCESS
PAY-000689,ORD-000689,4999.00,CARD,UTR-IND-00000689,2026-08-24T03:19:00+00:00,SUCCESS
PAY-000690,ORD-000690,1299.00,CARD,UTR-IND-00000690,2026-08-06T06:38:00+00:00,SUCCESS
PAY-000691,ORD-000691,3499.00,NETBANKING,UTR-IND-00000691,2026-08-13T09:49:00+00:00,SUCCESS
PAY-000692,ORD-000692,1499.50,WALLET,UTR-IND-00000692,2026-08-20T12:14:00+00:00,SUCCESS
PAY-000693,ORD-000693,49999.00,UPI,UTR-IND-00000693,2026-08-02T15:28:00+00:00,SUCCESS
PAY-000694,ORD-000694,9999.00,NETBANKING,UTR-IND-00000694,2026-08-09T18:46:00+00:00,SUCCESS
PAY-000695,ORD-000695,14999.00,CARD,UTR-IND-00000695,2026-08-16T22:01:00+00:00,SUCCESS
PAY-000696,ORD-000696,9999.00,CARD,UTR-IND-00000696,2026-08-23T00:22:00+00:00,SUCCESS
PAY-000697,ORD-000697,49999.00,CARD,UTR-IND-00000697,2026-08-05T03:34:00+00:00,SUCCESS
PAY-000698,ORD-000698,3499.00,CARD,UTR-IND-00000698,2026-08-12T06:55:00+00:00,SUCCESS
PAY-000699,ORD-000699,499.00,WALLET,UTR-IND-00000699,2026-08-19T09:11:00+00:00,SUCCESS
PAY-000700,ORD-000700,1299.00,WALLET,UTR-IND-00000700,2026-08-01T12:25:00+00:00,SUCCESS
PAY-000701,ORD-000701,2999.00,CARD,UTR-IND-00000701,2026-08-08T15:44:00+00:00,SUCCESS
PAY-000702,ORD-000702,799.00,WALLET,UTR-IND-00000702,2026-08-15T19:01:00+00:00,SUCCESS
PAY-000703,ORD-000703,799.00,CARD,UTR-IND-00000703,2026-08-22T21:13:00+00:00,SUCCESS
PAY-000704,ORD-000704,2999.00,WALLET,UTR-IND-00000704,2026-08-04T00:30:00+00:00,SUCCESS
PAY-000705,ORD-000705,799.00,CARD,UTR-IND-00000705,2026-08-11T03:55:00+00:00,SUCCESS
PAY-000706,ORD-000706,1999.00,WALLET,UTR-IND-00000706,2026-08-18T06:07:00+00:00,SUCCESS
PAY-000707,ORD-000707,4999.00,NETBANKING,UTR-IND-00000707,2026-08-25T09:21:00+00:00,SUCCESS
PAY-000708,ORD-000708,1999.00,CARD,UTR-IND-00000708,2026-08-07T12:39:00+00:00,SUCCESS
PAY-000709,ORD-000709,49999.00,CARD,UTR-IND-00000709,2026-08-14T15:58:00+00:00,SUCCESS
PAY-000710,ORD-000710,9999.00,CARD,UTR-IND-00000710,2026-08-21T18:20:00+00:00,SUCCESS
PAY-000711,ORD-000711,4999.00,NETBANKING,UTR-IND-00000711,2026-08-03T21:35:00+00:00,SUCCESS
PAY-000712,ORD-000712,25000.00,NETBANKING,UTR-IND-00000712,2026-08-10T00:50:00+00:00,SUCCESS
PAY-000713,ORD-000713,2999.00,NETBANKING,UTR-IND-00000713,2026-08-17T03:11:00+00:00,SUCCESS
PAY-000714,ORD-000714,49999.00,WALLET,UTR-IND-00000714,2026-08-24T06:21:00+00:00,SUCCESS
PAY-000715,ORD-000715,49999.00,NETBANKING,UTR-IND-00000715,2026-08-06T09:40:00+00:00,SUCCESS
PAY-000716,ORD-000716,7500.00,NETBANKING,UTR-IND-00000716,2026-08-13T13:00:00+00:00,SUCCESS
PAY-000717,ORD-000717,499.00,CARD,UTR-IND-00000717,2026-08-20T15:13:00+00:00,SUCCESS
PAY-000718,ORD-000718,299.00,NETBANKING,UTR-IND-00000718,2026-08-02T18:36:00+00:00,SUCCESS
PAY-000719,ORD-000719,14999.00,NETBANKING,UTR-IND-00000719,2026-08-09T21:47:00+00:00,SUCCESS
PAY-000720,ORD-000720,1999.00,NETBANKING,UTR-IND-00000720,2026-08-16T00:05:00+00:00,SUCCESS
PAY-000721,ORD-000721,9999.00,CARD,UTR-BATCH-0001,2026-08-06T10:20:00+00:00,SUCCESS
PAY-000722,ORD-000722,49999.00,NETBANKING,UTR-BATCH-0001,2026-08-11T10:20:00+00:00,SUCCESS
PAY-000723,ORD-000723,2999.00,WALLET,UTR-BATCH-0001,2026-08-16T10:20:00+00:00,SUCCESS
PAY-000724,ORD-000724,49999.00,WALLET,UTR-BATCH-0002,2026-08-21T10:20:00+00:00,SUCCESS
PAY-000725,ORD-000725,1499.50,NETBANKING,UTR-BATCH-0002,2026-08-01T10:20:00+00:00,SUCCESS
PAY-000726,ORD-000726,1499.50,CARD,UTR-BATCH-0002,2026-08-06T10:20:00+00:00,SUCCESS
PAY-000727,ORD-000727,49999.00,CARD,UTR-BATCH-0003,2026-08-11T10:20:00+00:00,SUCCESS
PAY-000728,ORD-000728,499.00,UPI,UTR-BATCH-0003,2026-08-16T10:20:00+00:00,SUCCESS
PAY-000729,ORD-000729,799.00,UPI,UTR-BATCH-0003,2026-08-21T10:20:00+00:00,SUCCESS
PAY-000730,ORD-000730,299.00,WALLET,UTR-BATCH-0004,2026-08-01T10:20:00+00:00,SUCCESS
PAY-000731,ORD-000731,1299.00,CARD,UTR-BATCH-0004,2026-08-06T10:20:00+00:00,SUCCESS
PAY-000732,ORD-000732,799.00,CARD,UTR-BATCH-0004,2026-08-11T10:20:00+00:00,SUCCESS
PAY-000733,ORD-000733,299.00,CARD,UTR-BATCH-0005,2026-08-16T10:20:00+00:00,SUCCESS
PAY-000734,ORD-000734,25000.00,NETBANKING,UTR-BATCH-0005,2026-08-21T10:20:00+00:00,SUCCESS
PAY-000735,ORD-000735,499.00,WALLET,UTR-BATCH-0005,2026-08-01T10:20:00+00:00,SUCCESS
PAY-000736,ORD-000736,49999.00,UPI,UTR-BATCH-0006,2026-08-06T10:20:00+00:00,SUCCESS
PAY-000737,ORD-000737,299.00,WALLET,UTR-BATCH-0006,2026-08-11T10:20:00+00:00,SUCCESS
PAY-000738,ORD-000738,299.00,UPI,UTR-BATCH-0006,2026-08-16T10:20:00+00:00,SUCCESS
PAY-000739,ORD-000739,2999.00,NETBANKING,UTR-BATCH-0007,2026-08-21T10:20:00+00:00,SUCCESS
PAY-000740,ORD-000740,299.00,WALLET,UTR-BATCH-0007,2026-08-01T10:20:00+00:00,SUCCESS
PAY-000741,ORD-000741,1499.50,UPI,UTR-BATCH-0007,2026-08-06T10:20:00+00:00,SUCCESS
PAY-000742,ORD-000742,999.00,CARD,UTR-BATCH-0008,2026-08-11T10:20:00+00:00,SUCCESS
PAY-000743,ORD-000743,2499.00,CARD,UTR-BATCH-0008,2026-08-16T10:20:00+00:00,SUCCESS
PAY-000744,ORD-000744,2999.00,NETBANKING,UTR-BATCH-0008,2026-08-21T10:20:00+00:00,SUCCESS
PAY-000745,ORD-000745,2999.00,WALLET,UTR-BATCH-0009,2026-08-01T10:20:00+00:00,SUCCESS
PAY-000746,ORD-000746,799.00,NETBANKING,UTR-BATCH-0009,2026-08-06T10:20:00+00:00,SUCCESS
PAY-000747,ORD-000747,9999.00,WALLET,UTR-BATCH-0009,2026-08-11T10:20:00+00:00,SUCCESS
PAY-000748,ORD-000748,2499.00,CARD,UTR-BATCH-0010,2026-08-16T10:20:00+00:00,SUCCESS
PAY-000749,ORD-000749,3499.00,UPI,UTR-BATCH-0010,2026-08-21T10:20:00+00:00,SUCCESS
PAY-000750,ORD-000750,499.00,UPI,UTR-BATCH-0010,2026-08-01T10:20:00+00:00,SUCCESS
PAY-000751,ORD-000751,9999.00,WALLET,UTR-BATCH-0011,2026-08-06T10:20:00+00:00,SUCCESS
PAY-000752,ORD-000752,9999.00,WALLET,UTR-BATCH-0011,2026-08-11T10:20:00+00:00,SUCCESS
PAY-000753,ORD-000753,499.00,UPI,UTR-BATCH-0011,2026-08-16T10:20:00+00:00,SUCCESS
PAY-000754,ORD-000754,1499.50,UPI,UTR-BATCH-0012,2026-08-21T10:20:00+00:00,SUCCESS
PAY-000755,ORD-000755,49999.00,WALLET,UTR-BATCH-0012,2026-08-01T10:20:00+00:00,SUCCESS
PAY-000756,ORD-000756,4999.00,UPI,UTR-BATCH-0012,2026-08-06T10:20:00+00:00,SUCCESS
PAY-000757,ORD-000757,499.00,CARD,UTR-BATCH-0013,2026-08-11T10:20:00+00:00,SUCCESS
PAY-000758,ORD-000758,1999.00,WALLET,UTR-BATCH-0013,2026-08-16T10:20:00+00:00,SUCCESS
PAY-000759,ORD-000759,2999.00,UPI,UTR-BATCH-0013,2026-08-21T10:20:00+00:00,SUCCESS
PAY-000760,ORD-000760,799.00,NETBANKING,UTR-BATCH-0014,2026-08-01T10:20:00+00:00,SUCCESS
PAY-000761,ORD-000761,499.00,CARD,UTR-BATCH-0014,2026-08-06T10:20:00+00:00,SUCCESS
PAY-000762,ORD-000762,4999.00,UPI,UTR-BATCH-0014,2026-08-11T10:20:00+00:00,SUCCESS
PAY-000763,ORD-000763,1999.00,CARD,UTR-BATCH-0015,2026-08-16T10:20:00+00:00,SUCCESS
PAY-000764,ORD-000764,9999.00,UPI,UTR-BATCH-0015,2026-08-21T10:20:00+00:00,SUCCESS
PAY-000765,ORD-000765,3499.00,CARD,UTR-BATCH-0015,2026-08-01T10:20:00+00:00,SUCCESS
PAY-000766,ORD-000766,2499.00,WALLET,UTR-BATCH-0016,2026-08-06T10:20:00+00:00,SUCCESS
PAY-000767,ORD-000767,4999.00,WALLET,UTR-BATCH-0016,2026-08-11T10:20:00+00:00,SUCCESS
PAY-000768,ORD-000768,1299.00,UPI,UTR-BATCH-0016,2026-08-16T10:20:00+00:00,SUCCESS
PAY-000769,ORD-000769,7500.00,UPI,UTR-BATCH-0017,2026-08-21T10:20:00+00:00,SUCCESS
PAY-000770,ORD-000770,999.00,WALLET,UTR-BATCH-0017,2026-08-01T10:20:00+00:00,SUCCESS
PAY-000771,ORD-000771,2499.00,UPI,UTR-BATCH-0017,2026-08-06T10:20:00+00:00,SUCCESS
PAY-000772,ORD-000772,4999.00,WALLET,UTR-BATCH-0018,2026-08-11T10:20:00+00:00,SUCCESS
PAY-000773,ORD-000773,4999.00,UPI,UTR-BATCH-0018,2026-08-16T10:20:00+00:00,SUCCESS
PAY-000774,ORD-000774,2999.00,WALLET,UTR-BATCH-0018,2026-08-21T10:20:00+00:00,SUCCESS
PAY-000775,ORD-000775,49999.00,CARD,UTR-BATCH-0019,2026-08-01T10:20:00+00:00,SUCCESS
PAY-000776,ORD-000776,7500.00,WALLET,UTR-BATCH-0019,2026-08-06T10:20:00+00:00,SUCCESS
PAY-000777,ORD-000777,14999.00,CARD,UTR-BATCH-0019,2026-08-11T10:20:00+00:00,SUCCESS
PAY-000778,ORD-000778,9999.00,UPI,UTR-BATCH-0020,2026-08-16T10:20:00+00:00,SUCCESS
PAY-000779,ORD-000779,3499.00,CARD,UTR-BATCH-0020,2026-08-21T10:20:00+00:00,SUCCESS
PAY-000780,ORD-000780,799.00,UPI,UTR-BATCH-0020,2026-08-01T10:20:00+00:00,SUCCESS
PAY-000781,ORD-000781,3499.00,UPI,UTR-IND-00000781,2026-08-13T14:25:00+00:00,SUCCESS
PAY-000782,ORD-000782,3499.00,UPI,UTR-IND-00000782,2026-08-15T14:25:00+00:00,SUCCESS
PAY-000783,ORD-000783,3499.00,UPI,UTR-IND-00000783,2026-08-17T14:25:00+00:00,SUCCESS
PAY-000784,ORD-000784,3499.00,UPI,UTR-IND-00000784,2026-08-19T14:25:00+00:00,SUCCESS
PAY-000785,ORD-000785,3499.00,UPI,UTR-IND-00000785,2026-08-21T14:25:00+00:00,SUCCESS
PAY-000786,ORD-000786,3499.00,UPI,UTR-IND-00000786,2026-08-23T14:25:00+00:00,SUCCESS
PAY-000787,ORD-000787,3499.00,UPI,UTR-IND-00000787,2026-08-25T14:25:00+00:00,SUCCESS
PAY-000788,ORD-000788,3499.00,UPI,UTR-IND-00000788,2026-08-02T14:25:00+00:00,SUCCESS
PAY-000789,ORD-000789,3499.00,UPI,UTR-IND-00000789,2026-08-04T14:25:00+00:00,SUCCESS
PAY-000790,ORD-000790,3499.00,UPI,UTR-IND-00000790,2026-08-06T14:25:00+00:00,SUCCESS
PAY-000791,ORD-000791,3499.00,UPI,UTR-IND-00000791,2026-08-08T14:25:00+00:00,SUCCESS
PAY-000792,ORD-000792,3499.00,UPI,UTR-IND-00000792,2026-08-10T14:25:00+00:00,SUCCESS
PAY-000793,ORD-000793,3499.00,UPI,UTR-IND-00000793,2026-08-12T14:25:00+00:00,SUCCESS
PAY-000794,ORD-000794,3499.00,UPI,UTR-IND-00000794,2026-08-14T14:25:00+00:00,SUCCESS
PAY-000795,ORD-000795,3499.00,UPI,UTR-IND-00000795,2026-08-16T14:25:00+00:00,SUCCESS
PAY-000796,ORD-000796,3499.00,UPI,UTR-IND-00000796,2026-08-18T14:25:00+00:00,SUCCESS
PAY-000797,ORD-000797,3499.00,UPI,UTR-IND-00000797,2026-08-20T14:25:00+00:00,SUCCESS
PAY-000798,ORD-000798,3499.00,UPI,UTR-IND-00000798,2026-08-22T14:25:00+00:00,SUCCESS
PAY-000799,ORD-000799,3499.00,UPI,UTR-IND-00000799,2026-08-24T14:25:00+00:00,SUCCESS
PAY-000800,ORD-000800,3499.00,UPI,UTR-IND-00000800,2026-08-01T14:25:00+00:00,SUCCESS
PAY-000801,ORD-000801,3499.00,UPI,UTR-IND-00000801,2026-08-03T14:25:00+00:00,SUCCESS
PAY-000802,ORD-000802,3499.00,UPI,UTR-IND-00000802,2026-08-05T14:25:00+00:00,SUCCESS
PAY-000803,ORD-000803,3499.00,UPI,UTR-IND-00000803,2026-08-07T14:25:00+00:00,SUCCESS
PAY-000804,ORD-000804,3499.00,UPI,UTR-IND-00000804,2026-08-09T14:25:00+00:00,SUCCESS
PAY-000805,ORD-000805,2999.00,NETBANKING,UTR-IND-00000805,2026-08-06T11:25:00+00:00,SUCCESS
PAY-000806,ORD-000806,1299.00,NETBANKING,UTR-IND-00000806,2026-08-07T11:25:00+00:00,SUCCESS
PAY-000807,ORD-000807,9999.00,NETBANKING,UTR-IND-00000807,2026-08-08T11:25:00+00:00,SUCCESS
PAY-000808,ORD-000808,1299.00,NETBANKING,UTR-IND-00000808,2026-08-09T11:25:00+00:00,SUCCESS
PAY-000809,ORD-000809,9999.00,NETBANKING,UTR-IND-00000809,2026-08-10T11:25:00+00:00,SUCCESS
PAY-000810,ORD-000810,4999.00,NETBANKING,UTR-IND-00000810,2026-08-01T11:25:00+00:00,SUCCESS
PAY-000811,ORD-000811,7500.00,NETBANKING,UTR-IND-00000811,2026-08-02T11:25:00+00:00,SUCCESS
PAY-000812,ORD-000812,999.00,NETBANKING,UTR-IND-00000812,2026-08-03T11:25:00+00:00,SUCCESS
PAY-000813,ORD-000813,799.00,NETBANKING,UTR-IND-00000813,2026-08-04T11:25:00+00:00,SUCCESS
PAY-000814,ORD-000814,299.00,NETBANKING,UTR-IND-00000814,2026-08-05T11:25:00+00:00,SUCCESS
PAY-000815,ORD-000815,3499.00,NETBANKING,UTR-IND-00000815,2026-08-06T11:25:00+00:00,SUCCESS
PAY-000816,ORD-000816,25000.00,NETBANKING,UTR-IND-00000816,2026-08-07T11:25:00+00:00,SUCCESS
PAY-000817,ORD-000817,7500.00,NETBANKING,UTR-IND-00000817,2026-08-08T11:25:00+00:00,SUCCESS
PAY-000818,ORD-000818,2999.00,NETBANKING,UTR-IND-00000818,2026-08-09T11:25:00+00:00,SUCCESS
PAY-000819,ORD-000819,999.00,NETBANKING,UTR-IND-00000819,2026-08-10T11:25:00+00:00,SUCCESS
PAY-000820,ORD-000820,1299.00,NETBANKING,UTR-IND-00000820,2026-08-01T11:25:00+00:00,SUCCESS
PAY-000821,ORD-000821,799.00,NETBANKING,UTR-IND-00000821,2026-08-02T11:25:00+00:00,SUCCESS
PAY-000822,ORD-000822,1499.50,NETBANKING,UTR-IND-00000822,2026-08-03T11:25:00+00:00,SUCCESS
PAY-000823,ORD-000823,14999.00,NETBANKING,UTR-IND-00000823,2026-08-04T11:25:00+00:00,SUCCESS
PAY-000824,ORD-000824,25000.00,NETBANKING,UTR-IND-00000824,2026-08-05T11:25:00+00:00,SUCCESS
PAY-000825,ORD-000825,14999.00,NETBANKING,UTR-IND-00000825,2026-08-06T11:25:00+00:00,SUCCESS
PAY-000826,ORD-000826,999.00,NETBANKING,UTR-IND-00000826,2026-08-07T11:25:00+00:00,SUCCESS
PAY-000827,ORD-000827,299.00,NETBANKING,UTR-IND-00000827,2026-08-08T11:25:00+00:00,SUCCESS
PAY-000828,ORD-000828,799.00,NETBANKING,UTR-IND-00000828,2026-08-09T11:25:00+00:00,SUCCESS
PAY-000829,ORD-000853,3499.00,CARD,UTR-IND-00000853,2026-08-13T16:35:00+00:00,SUCCESS
PAY-000830,ORD-000854,49999.00,CARD,UTR-IND-00000854,2026-08-17T16:35:00+00:00,SUCCESS
PAY-000831,ORD-000855,799.00,CARD,UTR-IND-00000855,2026-08-01T16:35:00+00:00,SUCCESS
PAY-000832,ORD-000856,7500.00,CARD,UTR-IND-00000856,2026-08-05T16:35:00+00:00,SUCCESS
PAY-000833,ORD-000857,2999.00,CARD,UTR-IND-00000857,2026-08-09T16:35:00+00:00,SUCCESS
PAY-000834,ORD-000858,2499.00,CARD,UTR-IND-00000858,2026-08-13T16:35:00+00:00,SUCCESS
PAY-000835,ORD-000859,49999.00,CARD,UTR-IND-00000859,2026-08-17T16:35:00+00:00,SUCCESS
PAY-000836,ORD-000860,1999.00,CARD,UTR-IND-00000860,2026-08-01T16:35:00+00:00,SUCCESS
PAY-000837,ORD-000861,25000.00,CARD,UTR-IND-00000861,2026-08-05T16:35:00+00:00,SUCCESS
PAY-000838,ORD-000862,999.00,CARD,UTR-IND-00000862,2026-08-09T16:35:00+00:00,SUCCESS
PAY-000839,ORD-000863,1299.00,CARD,UTR-IND-00000863,2026-08-13T16:35:00+00:00,SUCCESS
PAY-000840,ORD-000864,3499.00,CARD,UTR-IND-00000864,2026-08-17T16:35:00+00:00,SUCCESS
PAY-000841,ORD-000865,299.00,CARD,UTR-IND-00000865,2026-08-01T16:35:00+00:00,SUCCESS
PAY-000842,ORD-000866,9999.00,CARD,UTR-IND-00000866,2026-08-05T16:35:00+00:00,SUCCESS
PAY-000843,ORD-000867,4999.00,CARD,UTR-IND-00000867,2026-08-09T16:35:00+00:00,SUCCESS
PAY-000844,ORD-000868,9999.00,CARD,UTR-IND-00000868,2026-08-13T16:35:00+00:00,SUCCESS
PAY-000845,ORD-000869,4999.00,CARD,UTR-IND-00000869,2026-08-17T16:35:00+00:00,SUCCESS
PAY-000846,ORD-000870,25000.00,CARD,UTR-IND-00000870,2026-08-01T16:35:00+00:00,SUCCESS
PAY-000847,ORD-000871,4999.00,CARD,UTR-IND-00000871,2026-08-05T16:35:00+00:00,SUCCESS
PAY-000848,ORD-000872,14999.00,CARD,UTR-IND-00000872,2026-08-09T16:35:00+00:00,SUCCESS
PAY-000849,ORD-000873,1299.00,CARD,UTR-IND-00000873,2026-08-13T16:35:00+00:00,SUCCESS
PAY-000850,ORD-000874,3499.00,CARD,UTR-IND-00000874,2026-08-17T16:35:00+00:00,SUCCESS
PAY-000851,ORD-000875,4999.00,CARD,UTR-IND-00000875,2026-08-01T16:35:00+00:00,SUCCESS
PAY-000852,ORD-000876,1999.00,CARD,UTR-IND-00000876,2026-08-05T16:35:00+00:00,SUCCESS
PAY-000853,ORD-000877,49999.00,UPI,UTR-IND-00000877,2026-08-14T13:20:00+00:00,SUCCESS
PAY-000854,ORD-000878,4999.00,UPI,UTR-IND-00000878,2026-08-17T13:20:00+00:00,SUCCESS
PAY-000855,ORD-000879,1499.50,UPI,UTR-IND-00000879,2026-08-20T13:20:00+00:00,SUCCESS
PAY-000856,ORD-000880,9999.00,UPI,UTR-IND-00000880,2026-08-01T13:20:00+00:00,SUCCESS
PAY-000857,ORD-000881,4999.00,UPI,UTR-IND-00000881,2026-08-04T13:20:00+00:00,SUCCESS
PAY-000858,ORD-000882,3499.00,UPI,UTR-IND-00000882,2026-08-07T13:20:00+00:00,SUCCESS
PAY-000859,ORD-000883,49999.00,UPI,UTR-IND-00000883,2026-08-10T13:20:00+00:00,SUCCESS
PAY-000860,ORD-000884,2499.00,UPI,UTR-IND-00000884,2026-08-13T13:20:00+00:00,SUCCESS
PAY-000861,ORD-000885,4999.00,UPI,UTR-IND-00000885,2026-08-16T13:20:00+00:00,SUCCESS
PAY-000862,ORD-000886,9999.00,UPI,UTR-IND-00000886,2026-08-19T13:20:00+00:00,SUCCESS
PAY-000863,ORD-000887,2999.00,UPI,UTR-IND-00000887,2026-08-22T13:20:00+00:00,SUCCESS
PAY-000864,ORD-000888,9999.00,UPI,UTR-IND-00000888,2026-08-03T13:20:00+00:00,SUCCESS
PAY-000865,ORD-000889,7500.00,UPI,UTR-IND-00000889,2026-08-06T13:20:00+00:00,SUCCESS
PAY-000866,ORD-000890,999.00,UPI,UTR-IND-00000890,2026-08-09T13:20:00+00:00,SUCCESS
PAY-000867,ORD-000891,1999.00,UPI,UTR-IND-00000891,2026-08-12T13:20:00+00:00,SUCCESS
PAY-000868,ORD-000892,1499.50,UPI,UTR-IND-00000892,2026-08-15T13:20:00+00:00,SUCCESS
PAY-000869,ORD-000893,299.00,UPI,UTR-IND-00000893,2026-08-18T13:20:00+00:00,SUCCESS
PAY-000870,ORD-000894,25000.00,UPI,UTR-IND-00000894,2026-08-21T13:20:00+00:00,SUCCESS
PAY-000871,ORD-000895,1999.00,UPI,UTR-IND-00000895,2026-08-02T13:20:00+00:00,SUCCESS
PAY-000872,ORD-000896,25000.00,UPI,UTR-IND-00000896,2026-08-05T13:20:00+00:00,SUCCESS
PAY-000873,ORD-000897,3499.00,UPI,UTR-IND-00000897,2026-08-08T13:20:00+00:00,SUCCESS
PAY-000874,ORD-000898,799.00,UPI,UTR-IND-00000898,2026-08-11T13:20:00+00:00,SUCCESS
PAY-000875,ORD-000899,14999.00,UPI,UTR-IND-00000899,2026-08-14T13:20:00+00:00,SUCCESS
PAY-000876,ORD-000900,49999.00,UPI,UTR-IND-00000900,2026-08-17T13:20:00+00:00,SUCCESS
PAY-000877,ORD-000901,1499.55,UPI,UTR-IND-00000901,2026-08-03T12:05:00+00:00,SUCCESS
PAY-000878,ORD-000902,1499.55,UPI,UTR-IND-00000902,2026-08-05T12:05:00+00:00,SUCCESS
PAY-000879,ORD-000903,1499.55,UPI,UTR-IND-00000903,2026-08-07T12:05:00+00:00,SUCCESS
PAY-000880,ORD-000904,1499.55,UPI,UTR-IND-00000904,2026-08-09T12:05:00+00:00,SUCCESS
PAY-000881,ORD-000905,1499.55,UPI,UTR-IND-00000905,2026-08-11T12:05:00+00:00,SUCCESS
PAY-000882,ORD-000906,1499.55,UPI,UTR-IND-00000906,2026-08-13T12:05:00+00:00,SUCCESS
PAY-000883,ORD-000907,1499.55,UPI,UTR-IND-00000907,2026-08-15T12:05:00+00:00,SUCCESS
PAY-000884,ORD-000908,1499.55,UPI,UTR-IND-00000908,2026-08-17T12:05:00+00:00,SUCCESS
PAY-000885,ORD-000909,1499.55,UPI,UTR-IND-00000909,2026-08-19T12:05:00+00:00,SUCCESS
PAY-000886,ORD-000910,1499.55,UPI,UTR-IND-00000910,2026-08-21T12:05:00+00:00,SUCCESS
PAY-000887,ORD-000911,1499.55,UPI,UTR-IND-00000911,2026-08-23T12:05:00+00:00,SUCCESS
PAY-000888,ORD-000912,1499.55,UPI,UTR-IND-00000912,2026-08-25T12:05:00+00:00,SUCCESS
PAY-000889,ORD-000913,1499.55,UPI,UTR-IND-00000913,2026-08-02T12:05:00+00:00,SUCCESS
PAY-000890,ORD-000914,1499.55,UPI,UTR-IND-00000914,2026-08-04T12:05:00+00:00,SUCCESS
PAY-000891,ORD-000915,1499.55,UPI,UTR-IND-00000915,2026-08-06T12:05:00+00:00,SUCCESS
PAY-000892,ORD-000916,1499.55,UPI,UTR-IND-00000916,2026-08-08T12:05:00+00:00,SUCCESS
PAY-000893,ORD-000917,1499.55,UPI,UTR-IND-00000917,2026-08-10T12:05:00+00:00,SUCCESS
PAY-000894,ORD-000918,1499.55,UPI,UTR-IND-00000918,2026-08-12T12:05:00+00:00,SUCCESS
PAY-000895,ORD-000919,1499.55,UPI,UTR-IND-00000919,2026-08-14T12:05:00+00:00,SUCCESS
PAY-000896,ORD-000920,1499.55,UPI,UTR-IND-00000920,2026-08-16T12:05:00+00:00,SUCCESS
PAY-000897,ORD-000921,1299.00,UPI,UTR-IND-00092112,2026-08-14T15:35:00+00:00,SUCCESS
PAY-000898,ORD-000922,3499.00,UPI,UTR-IND-00092212,2026-08-17T15:35:00+00:00,SUCCESS
PAY-000899,ORD-000923,2499.00,UPI,UTR-IND-00092312,2026-08-20T15:35:00+00:00,SUCCESS
PAY-000900,ORD-000924,2999.00,UPI,UTR-IND-00092412,2026-08-23T15:35:00+00:00,SUCCESS
PAY-000901,ORD-000925,1299.00,UPI,UTR-IND-00092512,2026-08-01T15:35:00+00:00,SUCCESS
PAY-000902,ORD-000926,14999.00,UPI,UTR-IND-00092612,2026-08-04T15:35:00+00:00,SUCCESS
PAY-000903,ORD-000927,9999.00,UPI,UTR-IND-00092712,2026-08-07T15:35:00+00:00,SUCCESS
PAY-000904,ORD-000928,799.00,UPI,UTR-IND-00092812,2026-08-10T15:35:00+00:00,SUCCESS
PAY-000905,ORD-000929,25000.00,UPI,UTR-IND-00092912,2026-08-13T15:35:00+00:00,SUCCESS
PAY-000906,ORD-000930,49999.00,UPI,UTR-IND-00093012,2026-08-16T15:35:00+00:00,SUCCESS
PAY-000907,ORD-000931,9999.00,UPI,UTR-IND-00093112,2026-08-19T15:35:00+00:00,SUCCESS
PAY-000908,ORD-000932,14999.00,UPI,UTR-IND-00093212,2026-08-22T15:35:00+00:00,SUCCESS
PAY-000909,ORD-000933,499.00,UPI,UTR-IND-00093312,2026-08-25T15:35:00+00:00,SUCCESS
PAY-000910,ORD-000934,7500.00,UPI,UTR-IND-00093412,2026-08-03T15:35:00+00:00,SUCCESS
PAY-000911,ORD-000935,799.00,UPI,UTR-IND-00093512,2026-08-06T15:35:00+00:00,SUCCESS
PAY-000912,ORD-000936,999.00,UPI,UTR-IND-00093612,2026-08-09T15:35:00+00:00,SUCCESS
PAY-000913,ORD-000937,2499.00,UPI,UTR-IND-00093712,2026-08-12T15:35:00+00:00,SUCCESS
PAY-000914,ORD-000938,7500.00,UPI,UTR-IND-00093812,2026-08-15T15:35:00+00:00,SUCCESS
PAY-000915,ORD-000939,1499.50,UPI,UTR-IND-00093912,2026-08-18T15:35:00+00:00,SUCCESS
PAY-000916,ORD-000940,499.00,UPI,UTR-IND-00094012,2026-08-21T15:35:00+00:00,SUCCESS
PAY-000917,ORD-000941,9999.00,CARD,UTR-IND-00000941,2026-08-15T08:15:00+00:00,SUCCESS
PAY-000918,ORD-000942,4999.00,CARD,UTR-IND-00000942,2026-08-19T08:15:00+00:00,SUCCESS
PAY-000919,ORD-000943,14999.00,CARD,UTR-IND-00000943,2026-08-23T08:15:00+00:00,SUCCESS
PAY-000920,ORD-000944,999.00,CARD,UTR-IND-00000944,2026-08-02T08:15:00+00:00,SUCCESS
PAY-000921,ORD-000945,299.00,CARD,UTR-IND-00000945,2026-08-06T08:15:00+00:00,SUCCESS
PAY-000922,ORD-000946,999.00,CARD,UTR-IND-00000946,2026-08-10T08:15:00+00:00,SUCCESS
PAY-000923,ORD-000947,2999.00,CARD,UTR-IND-00000947,2026-08-14T08:15:00+00:00,SUCCESS
PAY-000924,ORD-000948,2499.00,CARD,UTR-IND-00000948,2026-08-18T08:15:00+00:00,SUCCESS
PAY-000925,ORD-000949,2499.00,CARD,UTR-IND-00000949,2026-08-22T08:15:00+00:00,SUCCESS
PAY-000926,ORD-000950,25000.00,CARD,UTR-IND-00000950,2026-08-01T08:15:00+00:00,SUCCESS
PAY-000927,ORD-000951,2499.00,UPI,UTR-IND-000951A,2026-08-03T18:22:00+00:00,SUCCESS
PAY-000928,ORD-000951,2499.00,UPI,UTR-IND-000951B,2026-08-03T18:24:00+00:00,SUCCESS
PAY-000929,ORD-000952,2499.00,UPI,UTR-IND-000952A,2026-08-05T18:22:00+00:00,SUCCESS
PAY-000930,ORD-000952,2499.00,UPI,UTR-IND-000952B,2026-08-05T18:24:00+00:00,SUCCESS
PAY-000931,ORD-000953,2499.00,UPI,UTR-IND-000953A,2026-08-07T18:22:00+00:00,SUCCESS
PAY-000932,ORD-000953,2499.00,UPI,UTR-IND-000953B,2026-08-07T18:24:00+00:00,SUCCESS
PAY-000933,ORD-000954,2499.00,UPI,UTR-IND-000954A,2026-08-09T18:22:00+00:00,SUCCESS
PAY-000934,ORD-000954,2499.00,UPI,UTR-IND-000954B,2026-08-09T18:24:00+00:00,SUCCESS
PAY-000935,ORD-000955,2499.00,UPI,UTR-IND-000955A,2026-08-11T18:22:00+00:00,SUCCESS
PAY-000936,ORD-000955,2499.00,UPI,UTR-IND-000955B,2026-08-11T18:24:00+00:00,SUCCESS
PAY-000937,ORD-000956,2499.00,UPI,UTR-IND-000956A,2026-08-13T18:22:00+00:00,SUCCESS
PAY-000938,ORD-000956,2499.00,UPI,UTR-IND-000956B,2026-08-13T18:24:00+00:00,SUCCESS
PAY-000939,ORD-000957,2499.00,UPI,UTR-IND-000957A,2026-08-15T18:22:00+00:00,SUCCESS
PAY-000940,ORD-000957,2499.00,UPI,UTR-IND-000957B,2026-08-15T18:24:00+00:00,SUCCESS
PAY-000941,ORD-000958,2499.00,UPI,UTR-IND-000958A,2026-08-17T18:22:00+00:00,SUCCESS
PAY-000942,ORD-000958,2499.00,UPI,UTR-IND-000958B,2026-08-17T18:24:00+00:00,SUCCESS
PAY-000943,ORD-000959,2499.00,UPI,UTR-IND-000959A,2026-08-19T18:22:00+00:00,SUCCESS
PAY-000944,ORD-000959,2499.00,UPI,UTR-IND-000959B,2026-08-19T18:24:00+00:00,SUCCESS
PAY-000945,ORD-000960,2499.00,UPI,UTR-IND-000960A,2026-08-21T18:22:00+00:00,SUCCESS
PAY-000946,ORD-000960,2499.00,UPI,UTR-IND-000960B,2026-08-21T18:24:00+00:00,SUCCESS
PAY-000947,ORD-000961,2499.00,UPI,UTR-IND-000961A,2026-08-23T18:22:00+00:00,SUCCESS
PAY-000948,ORD-000961,2499.00,UPI,UTR-IND-000961B,2026-08-23T18:24:00+00:00,SUCCESS
PAY-000949,ORD-000962,2499.00,UPI,UTR-IND-000962A,2026-08-25T18:22:00+00:00,SUCCESS
PAY-000950,ORD-000962,2499.00,UPI,UTR-IND-000962B,2026-08-25T18:24:00+00:00,SUCCESS
PAY-000951,ORD-000963,2499.00,UPI,UTR-IND-000963A,2026-08-02T18:22:00+00:00,SUCCESS
PAY-000952,ORD-000963,2499.00,UPI,UTR-IND-000963B,2026-08-02T18:24:00+00:00,SUCCESS
PAY-000953,ORD-000964,2499.00,UPI,UTR-IND-000964A,2026-08-04T18:22:00+00:00,SUCCESS
PAY-000954,ORD-000964,2499.00,UPI,UTR-IND-000964B,2026-08-04T18:24:00+00:00,SUCCESS
PAY-000955,ORD-000965,2499.00,UPI,UTR-IND-000965A,2026-08-06T18:22:00+00:00,SUCCESS
PAY-000956,ORD-000965,2499.00,UPI,UTR-IND-000965B,2026-08-06T18:24:00+00:00,SUCCESS
PAY-000957,ORD-000966,2499.00,UPI,UTR-IND-000966A,2026-08-08T18:22:00+00:00,SUCCESS
PAY-000958,ORD-000966,2499.00,UPI,UTR-IND-000966B,2026-08-08T18:24:00+00:00,SUCCESS
PAY-000959,ORD-000967,2499.00,UPI,UTR-IND-000967A,2026-08-10T18:22:00+00:00,SUCCESS
PAY-000960,ORD-000967,2499.00,UPI,UTR-IND-000967B,2026-08-10T18:24:00+00:00,SUCCESS
PAY-000961,ORD-000968,2499.00,UPI,UTR-IND-000968A,2026-08-12T18:22:00+00:00,SUCCESS
PAY-000962,ORD-000968,2499.00,UPI,UTR-IND-000968B,2026-08-12T18:24:00+00:00,SUCCESS
PAY-000963,ORD-000969,2499.00,UPI,UTR-IND-000969A,2026-08-14T18:22:00+00:00,SUCCESS
PAY-000964,ORD-000969,2499.00,UPI,UTR-IND-000969B,2026-08-14T18:24:00+00:00,SUCCESS
PAY-000965,ORD-000970,2499.00,UPI,UTR-IND-000970A,2026-08-16T18:22:00+00:00,SUCCESS
PAY-000966,ORD-000970,2499.00,UPI,UTR-IND-000970B,2026-08-16T18:24:00+00:00,SUCCESS
PAY-000967,ORD-000991,7500.00,UPI,UTR-IND-00000991,2026-08-24T10:35:00+00:00,SUCCESS
PAY-000968,ORD-000992,9999.00,UPI,UTR-IND-00000992,2026-08-02T10:35:00+00:00,SUCCESS
PAY-000969,ORD-000993,25000.00,UPI,UTR-IND-00000993,2026-08-05T10:35:00+00:00,SUCCESS
PAY-000970,ORD-000994,1299.00,UPI,UTR-IND-00000994,2026-08-08T10:35:00+00:00,SUCCESS
PAY-000971,ORD-000995,7500.00,UPI,UTR-IND-00000995,2026-08-11T10:35:00+00:00,SUCCESS
PAY-000972,ORD-000996,299.00,UPI,UTR-IND-00000996,2026-08-14T10:35:00+00:00,SUCCESS
PAY-000973,ORD-000997,49999.00,UPI,UTR-IND-00000997,2026-08-17T10:35:00+00:00,SUCCESS
PAY-000974,ORD-000998,999.00,UPI,UTR-IND-00000998,2026-08-20T10:35:00+00:00,SUCCESS
PAY-000975,ORD-000999,3499.00,UPI,UTR-IND-00000999,2026-08-23T10:35:00+00:00,SUCCESS
PAY-000976,ORD-001000,14999.00,UPI,UTR-IND-00001000,2026-08-01T10:35:00+00:00,SUCCESS
