settlement_id,utr,amount,fees,settled_at
SET-000001,UTR-IND-00000001,979.02,19.98,2026-08-09T07:23:00+00:00
SET-000002,UTR-IND-00000002,2449.02,49.98,2026-08-16T10:38:00+00:00
SET-000003,UTR-IND-00000003,979.02,19.98,2026-08-23T13:59:00+00:00
SET-000004,UTR-IND-00000004,489.02,9.98,2026-08-05T16:11:00+00:00
SET-000005,UTR-IND-00000005,1959.02,39.98,2026-08-12T19:35:00+00:00
SET-000006,UTR-IND-00000006,293.02,5.98,2026-08-19T22:52:00+00:00
SET-000007,UTR-IND-00000007,14699.02,299.98,2026-08-27T02:08:00+00:00
SET-000008,UTR-IND-00000008,2939.02,59.98,2026-08-08T04:20:00+00:00
SET-000009,UTR-IND-00000009,14699.02,299.98,2026-08-15T07:39:00+00:00
SET-000010,UTR-IND-00000010,1273.02,25.98,2026-08-22T10:57:00+00:00
SET-000011,UTR-IND-00000011,979.02,19.98,2026-08-04T13:15:00+00:00
SET-000012,UTR-IND-00000012,979.02,19.98,2026-08-11T16:31:00+00:00
SET-000013,UTR-IND-00000013,2939.02,59.98,2026-08-18T19:50:00+00:00
SET-000014,UTR-IND-00000014,979.02,19.98,2026-08-25T23:01:00+00:00
SET-000015,UTR-IND-00000015,3429.02,69.98,2026-08-08T01:20:00+00:00
SET-000016,UTR-IND-00000016,783.02,15.98,2026-08-14T04:37:00+00:00
SET-000017,UTR-IND-00000017,3429.02,69.98,2026-08-21T07:54:00+00:00
SET-000018,UTR-IND-00000018,979.02,19.98,2026-08-03T10:12:00+00:00
SET-000019,UTR-IND-00000019,24500.00,500.00,2026-08-10T13:27:00+00:00
SET-000020,UTR-IND-00000020,7350.00,150.00,2026-08-17T16:45:00+00:00
SET-000021,UTR-IND-00000021,2939.02,59.98,2026-08-24T20:01:00+00:00
SET-000022,UTR-IND-00000022,2449.02,49.98,2026-08-06T22:23:00+00:00
SET-000023,UTR-IND-00000023,9799.02,199.98,2026-08-14T01:41:00+00:00
SET-000024,UTR-IND-00000024,2449.02,49.98,2026-08-20T04:50:00+00:00
SET-000025,UTR-IND-00000025,2449.02,49.98,2026-08-02T07:12:00+00:00
SET-000026,UTR-IND-00000026,9799.02,199.98,2026-08-09T10:25:00+00:00
SET-000027,UTR-IND-00000027,1959.02,39.98,2026-08-16T13:44:00+00:00
SET-000028,UTR-IND-00000028,48999.02,999.98,2026-08-23T17:05:00+00:00
SET-000029,UTR-IND-00000029,1273.02,25.98,2026-08-05T19:17:00+00:00
SET-000030,UTR-IND-00000030,2449.02,49.98,2026-08-12T22:38:00+00:00
SET-000031,UTR-IND-00000031,9799.02,199.98,2026-08-20T01:52:00+00:00
SET-000032,UTR-IND-00000032,1273.02,25.98,2026-08-26T04:07:00+00:00
SET-000033,UTR-IND-00000033,489.02,9.98,2026-08-08T07:25:00+00:00
SET-000034,UTR-IND-00000034,1469.51,29.99,2026-08-15T10:41:00+00:00
SET-000035,UTR-IND-00000035,9799.02,199.98,2026-08-22T14:04:00+00:00
SET-000036,UTR-IND-00000036,2939.02,59.98,2026-08-04T16:15:00+00:00
SET-000037,UTR-IND-00000037,2939.02,59.98,2026-08-11T19:32:00+00:00
SET-000038,UTR-IND-00000038,3429.02,69.98,2026-08-18T22:50:00+00:00
SET-000039,UTR-IND-00000039,24500.00,500.00,2026-08-26T01:09:00+00:00
SET-000040,UTR-IND-00000040,1469.51,29.99,2026-08-07T04:26:00+00:00
SET-000041,UTR-IND-00000041,1959.02,39.98,2026-08-14T07:44:00+00:00
SET-000042,UTR-IND-00000042,1469.51,29.99,2026-08-21T11:01:00+00:00
SET-000043,UTR-IND-00000043,48999.02,999.98,2026-08-03T13:14:00+00:00
SET-000044,UTR-IND-00000044,7350.00,150.00,2026-08-10T16:33:00+00:00
SET-000045,UTR-IND-00000045,489.02,9.98,2026-08-17T19:48:00+00:00
SET-000046,UTR-IND-00000046,783.02,15.98,2026-08-24T22:05:00+00:00
SET-000047,UTR-IND-00000047,1273.02,25.98,2026-08-07T01:28:00+00:00
SET-000048,UTR-IND-00000048,1469.51,29.99,2026-08-13T04:46:00+00:00
SET-000049,UTR-IND-00000049,14699.02,299.98,2026-08-20T08:03:00+00:00
SET-000050,UTR-IND-00000050,1959.02,39.98,2026-08-02T10:18:00+00:00
SET-000051,UTR-IND-00000051,7350.00,150.00,2026-08-09T13:37:00+00:00
SET-000052,UTR-IND-00000052,24500.00,500.00,2026-08-16T16:49:00+00:00
SET-000053,UTR-IND-00000053,2449.02,49.98,2026-08-23T19:08:00+00:00
SET-000054,UTR-IND-00000054,293.02,5.98,2026-08-05T22:23:00+00:00
SET-000055,UTR-IND-00000055,293.02,5.98,2026-08-13T01:37:00+00:00
SET-000056,UTR-IND-00000056,2449.02,49.98,2026-08-19T04:54:00+00:00
SET-000057,UTR-IND-00000057,4899.02,99.98,2026-08-26T07:19:00+00:00
SET-000058,UTR-IND-00000058,2449.02,49.98,2026-08-08T10:35:00+00:00
SET-000059,UTR-IND-00000059,1959.02,39.98,2026-08-15T13:52:00+00:00
SET-000060,UTR-IND-00000060,2449.02,49.98,2026-08-22T16:08:00+00:00
SET-000061,UTR-IND-00000061,1959.02,39.98,2026-08-04T19:20:00+00:00
SET-000062,UTR-IND-00000062,14699.02,299.98,2026-08-11T22:42:00+00:00
SET-000063,UTR-IND-00000063,14699.02,299.98,2026-08-19T01:53:00+00:00
SET-000064,UTR-IND-00000064,979.02,19.98,2026-08-25T04:16:00+00:00
SET-000065,UTR-IND-00000065,4899.02,99.98,2026-08-07T07:30:00+00:00
SET-000066,UTR-IND-00000066,1959.02,39.98,2026-08-14T10:52:00+00:00
SET-000067,UTR-IND-00000067,24500.00,500.00,2026-08-21T14:07:00+00:00
SET-000068,UTR-IND-00000068,1469.51,29.99,2026-08-03T16:25:00+00:00
SET-000069,UTR-IND-00000069,2449.02,49.98,2026-08-10T19:42:00+00:00
SET-000070,UTR-IND-00000070,979.02,19.98,2026-08-17T23:00:00+00:00
SET-000071,UTR-IND-00000071,293.02,5.98,2026-08-25T01:12:00+00:00
SET-000072,UTR-IND-00000072,1469.51,29.99,2026-08-06T04:33:00+00:00
SET-000073,UTR-IND-00000073,48999.02,999.98,2026-08-13T07:49:00+00:00
SET-000074,UTR-IND-00000074,489.02,9.98,2026-08-20T11:06:00+00:00
SET-000075,UTR-IND-00000075,293.02,5.98,2026-08-02T13:21:00+00:00
SET-000076,UTR-IND-00000076,24500.00,500.00,2026-08-09T16:40:00+00:00
SET-000077,UTR-IND-00000077,48999.02,999.98,2026-08-16T19:54:00+00:00
SET-000078,UTR-IND-00000078,3429.02,69.98,2026-08-23T22:08:00+00:00
SET-000079,UTR-IND-00000079,489.02,9.98,2026-08-06T01:25:00+00:00
SET-000080,UTR-IND-00000080,489.02,9.98,2026-08-12T04:50:00+00:00
SET-000081,UTR-IND-00000081,1469.51,29.99,2026-08-19T08:07:00+00:00
SET-000082,UTR-IND-00000082,783.02,15.98,2026-08-26T10:17:00+00:00
SET-000083,UTR-IND-00000083,783.02,15.98,2026-08-08T13:39:00+00:00
SET-000084,UTR-IND-00000084,979.02,19.98,2026-08-15T16:50:00+00:00
SET-000085,UTR-IND-00000085,783.02,15.98,2026-08-22T19:15:00+00:00
SET-000086,UTR-IND-00000086,4899.02,99.98,2026-08-04T22:27:00+00:00
SET-000087,UTR-IND-00000087,4899.02,99.98,2026-08-12T01:45:00+00:00
SET-000088,UTR-IND-00000088,9799.02,199.98,2026-08-18T05:02:00+00:00
SET-000089,UTR-IND-00000089,24500.00,500.00,2026-08-25T07:16:00+00:00
SET-000090,UTR-IND-00000090,293.02,5.98,2026-08-07T10:33:00+00:00
SET-000091,UTR-IND-00000091,783.02,15.98,2026-08-14T13:57:00+00:00
SET-000092,UTR-IND-00000092,2939.02,59.98,2026-08-21T16:11:00+00:00
SET-000093,UTR-IND-00000093,783.02,15.98,2026-08-03T19:28:00+00:00
SET-000094,UTR-IND-00000094,3429.02,69.98,2026-08-10T22:47:00+00:00
SET-000095,UTR-IND-00000095,3429.02,69.98,2026-08-18T02:05:00+00:00
SET-000096,UTR-IND-00000096,3429.02,69.98,2026-08-24T04:16:00+00:00
SET-000097,UTR-IND-00000097,2939.02,59.98,2026-08-06T07:32:00+00:00
SET-000098,UTR-IND-00000098,1273.02,25.98,2026-08-13T10:52:00+00:00
SET-000099,UTR-IND-00000099,1959.02,39.98,2026-08-20T13:08:00+00:00
SET-000100,UTR-IND-00000100,2939.02,59.98,2026-08-02T16:26:00+00:00
SET-000101,UTR-IND-00000101,489.02,9.98,2026-08-09T19:45:00+00:00
SET-000102,UTR-IND-00000102,2939.02,59.98,2026-08-16T22:56:00+00:00
SET-000103,UTR-IND-00000103,4899.02,99.98,2026-08-24T01:17:00+00:00
SET-000104,UTR-IND-00000104,1469.51,29.99,2026-08-05T04:38:00+00:00
SET-000105,UTR-IND-00000105,14699.02,299.98,2026-08-12T07:48:00+00:00
SET-000106,UTR-IND-00000106,783.02,15.98,2026-08-19T10:12:00+00:00
SET-000107,UTR-IND-00000107,489.02,9.98,2026-08-26T13:29:00+00:00
SET-000108,UTR-IND-00000108,1273.02,25.98,2026-08-08T16:40:00+00:00
SET-000109,UTR-IND-00000109,489.02,9.98,2026-08-15T20:00:00+00:00
SET-000110,UTR-IND-00000110,489.02,9.98,2026-08-22T22:15:00+00:00
SET-000111,UTR-IND-00000111,2449.02,49.98,2026-08-05T01:34:00+00:00
SET-000112,UTR-IND-00000112,14699.02,299.98,2026-08-11T04:49:00+00:00
SET-000113,UTR-IND-00000113,1469.51,29.99,2026-08-18T07:09:00+00:00
SET-000114,UTR-IND-00000114,293.02,5.98,2026-08-25T10:25:00+00:00
SET-000115,UTR-IND-00000115,14699.02,299.98,2026-08-07T13:41:00+00:00
SET-000116,UTR-IND-00000116,1469.51,29.99,2026-08-14T17:00:00+00:00
SET-000117,UTR-IND-00000117,489.02,9.98,2026-08-21T19:14:00+00:00
SET-000118,UTR-IND-00000118,1959.02,39.98,2026-08-03T22:33:00+00:00
SET-000119,UTR-IND-00000119,3429.02,69.98,2026-08-11T01:48:00+00:00
SET-000120,UTR-IND-00000120,293.02,5.98,2026-08-17T04:08:00+00:00
SET-000121,UTR-IND-00000121,4899.02,99.98,2026-08-24T07:20:00+00:00
SET-000122,UTR-IND-00000122,2939.02,59.98,2026-08-06T10:44:00+00:00
SET-000123,UTR-IND-00000123,9799.02,199.98,2026-08-13T13:53:00+00:00
SET-000124,UTR-IND-00000124,979.02,19.98,2026-08-20T16:12:00+00:00
SET-000125,UTR-IND-00000125,2939.02,59.98,2026-08-02T19:28:00+00:00
SET-000126,UTR-IND-00000126,14699.02,299.98,2026-08-09T22:49:00+00:00
SET-000127,UTR-IND-00000127,14699.02,299.98,2026-08-17T02:07:00+00:00
SET-000128,UTR-IND-00000128,1959.02,39.98,2026-08-23T04:18:00+00:00
SET-000129,UTR-IND-00000129,14699.02,299.98,2026-08-05T07:43:00+00:00
SET-000130,UTR-IND-00000130,1959.02,39.98,2026-08-12T10:58:00+00:00
SET-000131,UTR-IND-00000131,783.02,15.98,2026-08-19T13:14:00+00:00
SET-000132,UTR-IND-00000132,979.02,19.98,2026-08-26T16:34:00+00:00
SET-000133,UTR-IND-00000133,3429.02,69.98,2026-08-08T19:48:00+00:00
SET-000134,UTR-IND-00000134,9799.02,199.98,2026-08-15T23:08:00+00:00
SET-000135,UTR-IND-00000135,1273.02,25.98,2026-08-23T01:23:00+00:00
SET-000136,UTR-IND-00000136,9799.02,199.98,2026-08-04T04:38:00+00:00
SET-000137,UTR-IND-00000137,9799.02,199.98,2026-08-11T07:55:00+00:00
SET-000138,UTR-IND-00000138,3429.02,69.98,2026-08-18T10:14:00+00:00
SET-000139,UTR-IND-00000139,4899.02,99.98,2026-08-25T13:32:00+00:00
SET-000140,UTR-IND-00000140,24500.00,500.00,2026-08-07T16:50:00+00:00
SET-000141,UTR-IND-00000141,48999.02,999.98,2026-08-14T20:00:00+00:00
SET-000142,UTR-IND-00000142,3429.02,69.98,2026-08-21T22:17:00+00:00
SET-000143,UTR-IND-00000143,2449.02,49.98,2026-08-04T01:36:00+00:00
SET-000144,UTR-IND-00000144,1959.02,39.98,2026-08-10T04:50:00+00:00
SET-000145,UTR-IND-00000145,489.02,9.98,2026-08-17T07:14:00+00:00
SET-000146,UTR-IND-00000146,783.02,15.98,2026-08-24T10:30:00+00:00
SET-000147,UTR-IND-00000147,1959.02,39.98,2026-08-06T13:48:00+00:00
SET-000148,UTR-IND-00000148,9799.02,199.98,2026-08-13T17:00:00+00:00
SET-000149,UTR-IND-00000149,293.02,5.98,2026-08-20T19:21:00+00:00
SET-000150,UTR-IND-00000150,2449.02,49.98,2026-08-02T22:40:00+00:00
SET-000151,UTR-IND-00000151,24500.00,500.00,2026-08-10T01:57:00+00:00
SET-000152,UTR-IND-00000152,2449.02,49.98,2026-08-16T04:13:00+00:00
SET-000153,UTR-IND-00000153,1273.02,25.98,2026-08-23T07:31:00+00:00
SET-000154,UTR-IND-00000154,4899.02,99.98,2026-08-05T10:48:00+00:00
SET-000155,UTR-IND-00000155,14699.02,299.98,2026-08-12T13:59:00+00:00
SET-000156,UTR-IND-00000156,48999.02,999.98,2026-08-19T16:18:00+00:00
SET-000157,UTR-IND-00000157,2449.02,49.98,2026-08-26T19:39:00+00:00
SET-000158,UTR-IND-00000158,48999.02,999.98,2026-08-08T22:52:00+00:00
SET-000159,UTR-IND-00000159,24500.00,500.00,2026-08-16T01:09:00+00:00
SET-000160,UTR-IND-00000160,2449.02,49.98,2026-08-22T04:27:00+00:00
SET-000161,UTR-IND-00000161,4899.02,99.98,2026-08-04T07:41:00+00:00
SET-000162,UTR-IND-00000162,1273.02,25.98,2026-08-11T11:02:00+00:00
SET-000163,UTR-IND-00000163,1273.02,25.98,2026-08-18T13:14:00+00:00
SET-000164,UTR-IND-00000164,14699.02,299.98,2026-08-25T16:35:00+00:00
SET-000165,UTR-IND-00000165,24500.00,500.00,2026-08-07T19:47:00+00:00
SET-000166,UTR-IND-00000166,1959.02,39.98,2026-08-14T22:10:00+00:00
SET-000167,UTR-IND-00000167,293.02,5.98,2026-08-22T01:28:00+00:00
SET-000168,UTR-IND-00000168,293.02,5.98,2026-08-03T04:42:00+00:00
SET-000169,UTR-IND-00000169,9799.02,199.98,2026-08-10T08:03:00+00:00
SET-000170,UTR-IND-00000170,2449.02,49.98,2026-08-17T10:15:00+00:00
SET-000171,UTR-IND-00000171,2939.02,59.98,2026-08-24T13:36:00+00:00
SET-000172,UTR-IND-00000172,293.02,5.98,2026-08-06T16:51:00+00:00
SET-000173,UTR-IND-00000173,9799.02,199.98,2026-08-13T19:10:00+00:00
SET-000174,UTR-IND-00000174,1273.02,25.98,2026-08-20T22:26:00+00:00
SET-000175,UTR-IND-00000175,293.02,5.98,2026-08-03T01:43:00+00:00
SET-000176,UTR-IND-00000176,1273.02,25.98,2026-08-09T04:56:00+00:00
SET-000177,UTR-IND-00000177,489.02,9.98,2026-08-16T07:17:00+00:00
SET-000178,UTR-IND-00000178,4899.02,99.98,2026-08-23T10:35:00+00:00
SET-000179,UTR-IND-00000179,4899.02,99.98,2026-08-05T13:51:00+00:00
SET-000180,UTR-IND-00000180,2939.02,59.98,2026-08-12T16:06:00+00:00
SET-000181,UTR-IND-00000181,783.02,15.98,2026-08-19T19:19:00+00:00
SET-000182,UTR-IND-00000182,489.02,9.98,2026-08-26T22:39:00+00:00
SET-000183,UTR-IND-00000183,783.02,15.98,2026-08-09T01:53:00+00:00
SET-000184,UTR-IND-00000184,2449.02,49.98,2026-08-15T04:10:00+00:00
SET-000185,UTR-IND-00000185,1273.02,25.98,2026-08-22T07:29:00+00:00
SET-000186,UTR-IND-00000186,48999.02,999.98,2026-08-04T10:47:00+00:00
SET-000187,UTR-IND-00000187,24500.00,500.00,2026-08-11T14:06:00+00:00
SET-000188,UTR-IND-00000188,1469.51,29.99,2026-08-18T16:20:00+00:00
SET-000189,UTR-IND-00000189,3429.02,69.98,2026-08-25T19:35:00+00:00
SET-000190,UTR-IND-00000190,3429.02,69.98,2026-08-07T22:58:00+00:00
SET-000191,UTR-IND-00000191,1959.02,39.98,2026-08-15T01:12:00+00:00
SET-000192,UTR-IND-00000192,979.02,19.98,2026-08-21T04:27:00+00:00
SET-000193,UTR-IND-00000193,489.02,9.98,2026-08-03T07:51:00+00:00
SET-000194,UTR-IND-00000194,14699.02,299.98,2026-08-10T11:01:00+00:00
SET-000195,UTR-IND-00000195,4899.02,99.98,2026-08-17T13:23:00+00:00
SET-000196,UTR-IND-00000196,48999.02,999.98,2026-08-24T16:40:00+00:00
SET-000197,UTR-IND-00000197,7350.00,150.00,2026-08-06T19:53:00+00:00
SET-000198,UTR-IND-00000198,14699.02,299.98,2026-08-13T22:16:00+00:00
SET-000199,UTR-IND-00000199,2939.02,59.98,2026-08-21T01:32:00+00:00
SET-000200,UTR-IND-00000200,14699.02,299.98,2026-08-02T04:47:00+00:00
SET-000201,UTR-IND-00000201,2449.02,49.98,2026-08-09T08:03:00+00:00
SET-000202,UTR-IND-00000202,24500.00,500.00,2026-08-16T10:23:00+00:00
SET-000203,UTR-IND-00000203,9799.02,199.98,2026-08-23T13:33:00+00:00
SET-000204,UTR-IND-00000204,48999.02,999.98,2026-08-05T16:52:00+00:00
SET-000205,UTR-IND-00000205,48999.02,999.98,2026-08-12T19:12:00+00:00
SET-000206,UTR-IND-00000206,2939.02,59.98,2026-08-19T22:28:00+00:00
SET-000207,UTR-IND-00000207,2939.02,59.98,2026-08-27T01:49:00+00:00
SET-000208,UTR-IND-00000208,1959.02,39.98,2026-08-08T05:01:00+00:00
SET-000209,UTR-IND-00000209,14699.02,299.98,2026-08-15T07:23:00+00:00
SET-000210,UTR-IND-00000210,2449.02,49.98,2026-08-22T10:39:00+00:00
SET-000211,UTR-IND-00000211,24500.00,500.00,2026-08-04T13:50:00+00:00
SET-000212,UTR-IND-00000212,3429.02,69.98,2026-08-11T16:12:00+00:00
SET-000213,UTR-IND-00000213,2449.02,49.98,2026-08-18T19:28:00+00:00
SET-000214,UTR-IND-00000214,48999.02,999.98,2026-08-25T22:46:00+00:00
SET-000215,UTR-IND-00000215,4899.02,99.98,2026-08-08T02:04:00+00:00
SET-000216,UTR-IND-00000216,2939.02,59.98,2026-08-14T04:18:00+00:00
SET-000217,UTR-IND-00000217,2449.02,49.98,2026-08-21T07:34:00+00:00
SET-000218,UTR-IND-00000218,4899.02,99.98,2026-08-03T10:56:00+00:00
SET-000219,UTR-IND-00000219,1469.51,29.99,2026-08-10T13:08:00+00:00
SET-000220,UTR-IND-00000220,48999.02,999.98,2026-08-17T16:30:00+00:00
SET-000221,UTR-IND-00000221,3429.02,69.98,2026-08-24T19:42:00+00:00
SET-000222,UTR-IND-00000222,3429.02,69.98,2026-08-06T23:01:00+00:00
SET-000223,UTR-IND-00000223,1469.51,29.99,2026-08-14T01:13:00+00:00
SET-000224,UTR-IND-00000224,1273.02,25.98,2026-08-20T04:30:00+00:00
SET-000225,UTR-IND-00000225,489.02,9.98,2026-08-02T07:49:00+00:00
SET-000226,UTR-IND-00000226,48999.02,999.98,2026-08-09T10:04:00+00:00
SET-000227,UTR-IND-00000227,3429.02,69.98,2026-08-16T13:28:00+00:00
SET-000228,UTR-IND-00000228,24500.00,500.00,2026-08-23T16:40:00+00:00
SET-000229,UTR-IND-00000229,489.02,9.98,2026-08-05T20:02:00+00:00
SET-000230,UTR-IND-00000230,979.02,19.98,2026-08-12T22:18:00+00:00
SET-000231,UTR-IND-00000231,48999.02,999.98,2026-08-20T01:29:00+00:00
SET-000232,UTR-IND-00000232,1273.02,25.98,2026-08-26T04:50:00+00:00
SET-000233,UTR-IND-00000233,783.02,15.98,2026-08-08T07:04:00+00:00
SET-000234,UTR-IND-00000234,14699.02,299.98,2026-08-15T10:28:00+00:00
SET-000235,UTR-IND-00000235,9799.02,199.98,2026-08-22T13:44:00+00:00
SET-000236,UTR-IND-00000236,3429.02,69.98,2026-08-04T16:58:00+00:00
SET-000237,UTR-IND-00000237,489.02,9.98,2026-08-11T19:14:00+00:00
SET-000238,UTR-IND-00000238,1959.02,39.98,2026-08-18T22:29:00+00:00
SET-000239,UTR-IND-00000239,1469.51,29.99,2026-08-26T01:47:00+00:00
SET-000240,UTR-IND-00000240,783.02,15.98,2026-08-07T04:02:00+00:00
SET-000241,UTR-IND-00000241,14699.02,299.98,2026-08-14T07:26:00+00:00
SET-000242,UTR-IND-00000242,3429.02,69.98,2026-08-21T10:39:00+00:00
SET-000243,UTR-IND-00000243,3429.02,69.98,2026-08-03T14:00:00+00:00
SET-000244,UTR-IND-00000244,783.02,15.98,2026-08-10T16:14:00+00:00
SET-000245,UTR-IND-00000245,1959.02,39.98,2026-08-17T19:28:00+00:00
SET-000246,UTR-IND-00000246,2449.02,49.98,2026-08-24T22:48:00+00:00
SET-000247,UTR-IND-00000247,1273.02,25.98,2026-08-07T02:01:00+00:00
SET-000248,UTR-IND-00000248,1469.51,29.99,2026-08-13T04:22:00+00:00
SET-000249,UTR-IND-00000249,24500.00,500.00,2026-08-20T07:42:00+00:00
SET-000250,UTR-IND-00000250,3429.02,69.98,2026-08-02T10:56:00+00:00
SET-000251,UTR-IND-00000251,48999.02,999.98,2026-08-09T13:10:00+00:00
SET-000252,UTR-IND-00000252,489.02,9.98,2026-08-16T16:31:00+00:00
SET-000253,UTR-IND-00000253,2939.02,59.98,2026-08-23T19:44:00+00:00
SET-000254,UTR-IND-00000254,2449.02,49.98,2026-08-05T23:04:00+00:00
SET-000255,UTR-IND-00000255,489.02,9.98,2026-08-13T01:24:00+00:00
SET-000256,UTR-IND-00000256,24500.00,500.00,2026-08-19T04:36:00+00:00
SET-000257,UTR-IND-00000257,14699.02,299.98,2026-08-26T07:52:00+00:00
SET-000258,UTR-IND-00000258,48999.02,999.98,2026-08-08T10:14:00+00:00
SET-000259,UTR-IND-00000259,4899.02,99.98,2026-08-15T13:26:00+00:00
SET-000260,UTR-IND-00000260,1469.51,29.99,2026-08-22T16:48:00+00:00
SET-000261,UTR-IND-00000261,48999.02,999.98,2026-08-04T20:05:00+00:00
SET-000262,UTR-IND-00000262,489.02,9.98,2026-08-11T22:17:00+00:00
SET-000263,UTR-IND-00000263,4899.02,99.98,2026-08-19T01:38:00+00:00
SET-000264,UTR-IND-00000264,979.02,19.98,2026-08-25T04:58:00+00:00
SET-000265,UTR-IND-00000265,293.02,5.98,2026-08-07T07:13:00+00:00
SET-000266,UTR-IND-00000266,489.02,9.98,2026-08-14T10:32:00+00:00
SET-000267,UTR-IND-00000267,7350.00,150.00,2026-08-21T13:48:00+00:00
SET-000268,UTR-IND-00000268,489.02,9.98,2026-08-03T17:02:00+00:00
SET-000269,UTR-IND-00000269,1273.02,25.98,2026-08-10T19:22:00+00:00
SET-000270,UTR-IND-00000270,48999.02,999.98,2026-08-17T22:32:00+00:00
SET-000271,UTR-IND-00000271,2449.02,49.98,2026-08-25T01:53:00+00:00
SET-000272,UTR-IND-00000272,293.02,5.98,2026-08-06T04:07:00+00:00
SET-000273,UTR-IND-00000273,2449.02,49.98,2026-08-13T07:30:00+00:00
SET-000274,UTR-IND-00000274,979.02,19.98,2026-08-20T10:47:00+00:00
SET-000275,UTR-IND-00000275,3429.02,69.98,2026-08-02T14:03:00+00:00
SET-000276,UTR-IND-00000276,48999.02,999.98,2026-08-09T16:17:00+00:00
SET-000277,UTR-IND-00000277,24500.00,500.00,2026-08-16T19:37:00+00:00
SET-000278,UTR-IND-00000278,1959.02,39.98,2026-08-23T22:49:00+00:00
SET-000279,UTR-IND-00000279,2939.02,59.98,2026-08-06T01:10:00+00:00
SET-000280,UTR-IND-00000280,2939.02,59.98,2026-08-12T04:26:00+00:00
SET-000281,UTR-IND-00000281,3429.02,69.98,2026-08-19T07:41:00+00:00
SET-000282,UTR-IND-00000282,24500.00,500.00,2026-08-26T11:01:00+00:00
SET-000283,UTR-IND-00000283,4899.02,99.98,2026-08-08T13:20:00+00:00
SET-000284,UTR-IND-00000284,4899.02,99.98,2026-08-15T16:33:00+00:00
SET-000285,UTR-IND-00000285,9799.02,199.98,2026-08-22T19:53:00+00:00
SET-000286,UTR-IND-00000286,489.02,9.98,2026-08-04T22:11:00+00:00
SET-000287,UTR-IND-00000287,9799.02,199.98,2026-08-12T01:23:00+00:00
SET-000288,UTR-IND-00000288,48999.02,999.98,2026-08-18T04:40:00+00:00
SET-000289,UTR-IND-00000289,4899.02,99.98,2026-08-25T08:02:00+00:00
SET-000290,UTR-IND-00000290,979.02,19.98,2026-08-07T10:12:00+00:00
SET-000291,UTR-IND-00000291,1273.02,25.98,2026-08-14T13:31:00+00:00
SET-000292,UTR-IND-00000292,783.02,15.98,2026-08-21T16:50:00+00:00
SET-000293,UTR-IND-00000293,4899.02,99.98,2026-08-03T19:04:00+00:00
SET-000294,UTR-IND-00000294,4899.02,99.98,2026-08-10T22:25:00+00:00
SET-000295,UTR-IND-00000295,48999.02,999.98,2026-08-18T01:38:00+00:00
SET-000296,UTR-IND-00000296,2449.02,49.98,2026-08-24T04:57:00+00:00
SET-000297,UTR-IND-00000297,783.02,15.98,2026-08-06T07:12:00+00:00
SET-000298,UTR-IND-00000298,979.02,19.98,2026-08-13T10:30:00+00:00
SET-000299,UTR-IND-00000299,3429.02,69.98,2026-08-20T13:45:00+00:00
SET-000300,UTR-IND-00000300,4899.02,99.98,2026-08-02T16:06:00+00:00
SET-000301,UTR-IND-00000301,7350.00,150.00,2026-08-09T19:25:00+00:00
SET-000302,UTR-IND-00000302,1273.02,25.98,2026-08-16T22:44:00+00:00
SET-000303,UTR-IND-00000303,14699.02,299.98,2026-08-24T01:55:00+00:00
SET-000304,UTR-IND-00000304,1469.51,29.99,2026-08-05T04:16:00+00:00
SET-000305,UTR-IND-00000305,2449.02,49.98,2026-08-12T07:29:00+00:00
SET-000306,UTR-IND-00000306,2449.02,49.98,2026-08-19T10:48:00+00:00
SET-000307,UTR-IND-00000307,24500.00,500.00,2026-08-26T14:01:00+00:00
SET-000308,UTR-IND-00000308,24500.00,500.00,2026-08-08T16:26:00+00:00
SET-000309,UTR-IND-00000309,1469.51,29.99,2026-08-15T19:42:00+00:00
SET-000310,UTR-IND-00000310,7350.00,150.00,2026-08-22T22:58:00+00:00
SET-000311,UTR-IND-00000311,2939.02,59.98,2026-08-05T01:13:00+00:00
SET-000312,UTR-IND-00000312,1959.02,39.98,2026-08-11T04:33:00+00:00
SET-000313,UTR-IND-00000313,979.02,19.98,2026-08-18T07:49:00+00:00
SET-000314,UTR-IND-00000314,7350.00,150.00,2026-08-25T11:04:00+00:00
SET-000315,UTR-IND-00000315,293.02,5.98,2026-08-07T13:21:00+00:00
SET-000316,UTR-IND-00000316,293.02,5.98,2026-08-14T16:41:00+00:00
SET-000317,UTR-IND-00000317,3429.02,69.98,2026-08-21T19:56:00+00:00
SET-000318,UTR-IND-00000318,2449.02,49.98,2026-08-03T22:12:00+00:00
SET-000319,UTR-IND-00000319,1273.02,25.98,2026-08-11T01:25:00+00:00
SET-000320,UTR-IND-00000320,3429.02,69.98,2026-08-17T04:42:00+00:00
SET-000321,UTR-IND-00000321,7350.00,150.00,2026-08-24T08:00:00+00:00
SET-000322,UTR-IND-00000322,3429.02,69.98,2026-08-06T10:22:00+00:00
SET-000323,UTR-IND-00000323,1469.51,29.99,2026-08-13T13:35:00+00:00
SET-000324,UTR-IND-00000324,7350.00,150.00,2026-08-20T16:52:00+00:00
SET-000325,UTR-IND-00000325,2939.02,59.98,2026-08-02T19:11:00+00:00
SET-000326,UTR-IND-00000326,4899.02,99.98,2026-08-09T22:31:00+00:00
SET-000327,UTR-IND-00000327,783.02,15.98,2026-08-17T01:44:00+00:00
SET-000328,UTR-IND-00000328,9799.02,199.98,2026-08-23T04:59:00+00:00
SET-000329,UTR-IND-00000329,9799.02,199.98,2026-08-05T07:19:00+00:00
SET-000330,UTR-IND-00000330,979.02,19.98,2026-08-12T10:37:00+00:00
SET-000331,UTR-IND-00000331,2939.02,59.98,2026-08-19T13:54:00+00:00
SET-000332,UTR-IND-00000332,979.02,19.98,2026-08-26T16:13:00+00:00
SET-000333,UTR-IND-00000333,293.02,5.98,2026-08-08T19:26:00+00:00
SET-000334,UTR-IND-00000334,783.02,15.98,2026-08-15T22:44:00+00:00
SET-000335,UTR-IND-00000335,14699.02,299.98,2026-08-23T01:59:00+00:00
SET-000336,UTR-IND-00000336,489.02,9.98,2026-08-04T04:18:00+00:00
SET-000337,UTR-IND-00000337,48999.02,999.98,2026-08-11T07:32:00+00:00
SET-000338,UTR-IND-00000338,2449.02,49.98,2026-08-18T10:54:00+00:00
SET-000339,UTR-IND-00000339,24500.00,500.00,2026-08-25T13:13:00+00:00
SET-000340,UTR-IND-00000340,14699.02,299.98,2026-08-07T16:28:00+00:00
SET-000341,UTR-IND-00000341,979.02,19.98,2026-08-14T19:45:00+00:00
SET-000342,UTR-IND-00000342,2939.02,59.98,2026-08-21T23:01:00+00:00
SET-000343,UTR-IND-00000343,1959.02,39.98,2026-08-04T01:20:00+00:00
SET-000344,UTR-IND-00000344,2449.02,49.98,2026-08-10T04:31:00+00:00
SET-000345,UTR-IND-00000345,7350.00,150.00,2026-08-17T07:47:00+00:00
SET-000346,UTR-IND-00000346,9799.02,199.98,2026-08-24T10:07:00+00:00
SET-000347,UTR-IND-00000347,979.02,19.98,2026-08-06T13:22:00+00:00
SET-000348,UTR-IND-00000348,1959.02,39.98,2026-08-13T16:38:00+00:00
SET-000349,UTR-IND-00000349,4899.02,99.98,2026-08-20T19:57:00+00:00
SET-000350,UTR-IND-00000350,1959.02,39.98,2026-08-02T22:20:00+00:00
SET-000351,UTR-IND-00000351,1959.02,39.98,2026-08-10T01:32:00+00:00
SET-000352,UTR-IND-00000352,4899.02,99.98,2026-08-16T04:46:00+00:00
SET-000353,UTR-IND-00000353,2939.02,59.98,2026-08-23T07:05:00+00:00
SET-000354,UTR-IND-00000354,2939.02,59.98,2026-08-05T10:21:00+00:00
SET-000355,UTR-IND-00000355,293.02,5.98,2026-08-12T13:37:00+00:00
SET-000356,UTR-IND-00000356,7350.00,150.00,2026-08-19T16:59:00+00:00
SET-000357,UTR-IND-00000357,293.02,5.98,2026-08-26T19:15:00+00:00
SET-000358,UTR-IND-00000358,489.02,9.98,2026-08-08T22:34:00+00:00
SET-000359,UTR-IND-00000359,979.02,19.98,2026-08-16T01:52:00+00:00
SET-000360,UTR-IND-00000360,24500.00,500.00,2026-08-22T04:10:00+00:00
SET-000361,UTR-IND-00000361,979.02,19.98,2026-08-04T07:27:00+00:00
SET-000362,UTR-IND-00000362,2449.02,49.98,2026-08-11T10:44:00+00:00
SET-000363,UTR-IND-00000363,3429.02,69.98,2026-08-18T13:53:00+00:00
SET-000364,UTR-IND-00000364,489.02,9.98,2026-08-25T16:16:00+00:00
SET-000365,UTR-IND-00000365,14699.02,299.98,2026-08-07T19:34:00+00:00
SET-000366,UTR-IND-00000366,24500.00,500.00,2026-08-14T22:45:00+00:00
SET-000367,UTR-IND-00000367,4899.02,99.98,2026-08-22T02:02:00+00:00
SET-000368,UTR-IND-00000368,1273.02,25.98,2026-08-03T04:26:00+00:00
SET-000369,UTR-IND-00000369,4899.02,99.98,2026-08-10T07:43:00+00:00
SET-000370,UTR-IND-00000370,3429.02,69.98,2026-08-17T11:00:00+00:00
SET-000371,UTR-IND-00000371,14699.02,299.98,2026-08-24T13:10:00+00:00
SET-000372,UTR-IND-00000372,1959.02,39.98,2026-08-06T16:33:00+00:00
SET-000373,UTR-IND-00000373,2449.02,49.98,2026-08-13T19:48:00+00:00
SET-000374,UTR-IND-00000374,24500.00,500.00,2026-08-20T23:06:00+00:00
SET-000375,UTR-IND-00000375,979.02,19.98,2026-08-03T01:23:00+00:00
SET-000376,UTR-IND-00000376,4899.02,99.98,2026-08-09T04:39:00+00:00
SET-000377,UTR-IND-00000377,1273.02,25.98,2026-08-16T07:52:00+00:00
SET-000378,UTR-IND-00000378,783.02,15.98,2026-08-23T10:09:00+00:00
SET-000379,UTR-IND-00000379,14699.02,299.98,2026-08-05T13:30:00+00:00
SET-000380,UTR-IND-00000380,1273.02,25.98,2026-08-12T16:50:00+00:00
SET-000381,UTR-IND-00000381,4899.02,99.98,2026-08-19T20:05:00+00:00
SET-000382,UTR-IND-00000382,7350.00,150.00,2026-08-26T22:16:00+00:00
SET-000383,UTR-IND-00000383,3429.02,69.98,2026-08-09T01:38:00+00:00
SET-000384,UTR-IND-00000384,979.02,19.98,2026-08-15T04:52:00+00:00
SET-000385,UTR-IND-00000385,48999.02,999.98,2026-08-22T07:08:00+00:00
SET-000386,UTR-IND-00000386,7350.00,150.00,2026-08-04T10:25:00+00:00
SET-000387,UTR-IND-00000387,2939.02,59.98,2026-08-11T13:47:00+00:00
SET-000388,UTR-IND-00000388,293.02,5.98,2026-08-18T16:58:00+00:00
SET-000389,UTR-IND-00000389,1469.51,29.99,2026-08-25T19:19:00+00:00
SET-000390,UTR-IND-00000390,4899.02,99.98,2026-08-07T22:32:00+00:00
SET-000391,UTR-IND-00000391,1469.51,29.99,2026-08-15T01:55:00+00:00
SET-000392,UTR-IND-00000392,783.02,15.98,2026-08-21T04:06:00+00:00
SET-000393,UTR-IND-00000393,783.02,15.98,2026-08-03T07:29:00+00:00
SET-000394,UTR-IND-00000394,14699.02,299.98,2026-08-10T10:45:00+00:00
SET-000395,UTR-IND-00000395,1469.51,29.99,2026-08-17T14:01:00+00:00
SET-000396,UTR-IND-00000396,4899.02,99.98,2026-08-24T16:14:00+00:00
SET-000397,UTR-IND-00000397,1273.02,25.98,2026-08-06T19:31:00+00:00
SET-000398,UTR-IND-00000398,783.02,15.98,2026-08-13T22:55:00+00:00
SET-000399,UTR-IND-00000399,14699.02,299.98,2026-08-21T01:12:00+00:00
SET-000400,UTR-IND-00000400,14699.02,299.98,2026-08-02T04:25:00+00:00
SET-000401,UTR-IND-00000401,979.02,19.98,2026-08-09T07:45:00+00:00
SET-000402,UTR-IND-00000402,979.02,19.98,2026-08-16T11:03:00+00:00
SET-000403,UTR-IND-00000403,3429.02,69.98,2026-08-23T13:16:00+00:00
SET-000404,UTR-IND-00000404,9799.02,199.98,2026-08-05T16:30:00+00:00
SET-000405,UTR-IND-00000405,1959.02,39.98,2026-08-12T19:50:00+00:00
SET-000406,UTR-IND-00000406,1273.02,25.98,2026-08-19T22:08:00+00:00
SET-000407,UTR-IND-00000407,4899.02,99.98,2026-08-27T01:21:00+00:00
SET-000408,UTR-IND-00000408,48999.02,999.98,2026-08-08T04:40:00+00:00
SET-000409,UTR-IND-00000409,1273.02,25.98,2026-08-15T08:03:00+00:00
SET-000410,UTR-IND-00000410,2449.02,49.98,2026-08-22T10:13:00+00:00
SET-000411,UTR-IND-00000411,9799.02,199.98,2026-08-04T13:35:00+00:00
SET-000412,UTR-IND-00000412,293.02,5.98,2026-08-11T16:47:00+00:00
SET-000413,UTR-IND-00000413,4899.02,99.98,2026-08-18T19:09:00+00:00
SET-000414,UTR-IND-00000414,14699.02,299.98,2026-08-25T22:21:00+00:00
SET-000415,UTR-IND-00000415,9799.02,199.98,2026-08-08T01:42:00+00:00
SET-000416,UTR-IND-00000416,1469.51,29.99,2026-08-14T04:59:00+00:00
SET-000417,UTR-IND-00000417,783.02,15.98,2026-08-21T07:12:00+00:00
SET-000418,UTR-IND-00000418,2449.02,49.98,2026-08-03T10:34:00+00:00
SET-000419,UTR-IND-00000419,783.02,15.98,2026-08-10T13:49:00+00:00
SET-000420,UTR-IND-00000420,4899.02,99.98,2026-08-17T16:07:00+00:00
SET-000421,UTR-IND-00000421,1469.51,29.99,2026-08-24T19:27:00+00:00
SET-000422,UTR-IND-00000422,979.02,19.98,2026-08-06T22:41:00+00:00
SET-000423,UTR-IND-00000423,7350.00,150.00,2026-08-14T01:56:00+00:00
SET-000424,UTR-IND-00000424,979.02,19.98,2026-08-20T04:14:00+00:00
SET-000425,UTR-IND-00000425,1959.02,39.98,2026-08-02T07:29:00+00:00
SET-000426,UTR-IND-00000426,783.02,15.98,2026-08-09T10:51:00+00:00
SET-000427,UTR-IND-00000427,24500.00,500.00,2026-08-16T14:06:00+00:00
SET-000428,UTR-IND-00000428,4899.02,99.98,2026-08-23T16:25:00+00:00
SET-000429,UTR-IND-00000429,783.02,15.98,2026-08-05T19:42:00+00:00
SET-000430,UTR-IND-00000430,3429.02,69.98,2026-08-12T22:52:00+00:00
SET-000431,UTR-IND-00000431,7350.00,150.00,2026-08-20T01:13:00+00:00
SET-000432,UTR-IND-00000432,24500.00,500.00,2026-08-26T04:26:00+00:00
SET-000433,UTR-IND-00000433,489.02,9.98,2026-08-08T07:47:00+00:00
SET-000434,UTR-IND-00000434,783.02,15.98,2026-08-15T11:08:00+00:00
SET-000435,UTR-IND-00000435,9799.02,199.98,2026-08-22T13:25:00+00:00
SET-000436,UTR-IND-00000436,489.02,9.98,2026-08-04T16:37:00+00:00
SET-000437,UTR-IND-00000437,4899.02,99.98,2026-08-11T19:59:00+00:00
SET-000438,UTR-IND-00000438,1273.02,25.98,2026-08-18T22:15:00+00:00
SET-000439,UTR-IND-00000439,979.02,19.98,2026-08-26T01:26:00+00:00
SET-000440,UTR-IND-00000440,1469.51,29.99,2026-08-07T04:45:00+00:00
SET-000441,UTR-IND-00000441,24500.00,500.00,2026-08-14T08:07:00+00:00
SET-000442,UTR-IND-00000442,1469.51,29.99,2026-08-21T10:21:00+00:00
SET-000443,UTR-IND-00000443,3429.02,69.98,2026-08-03T13:39:00+00:00
SET-000444,UTR-IND-00000444,4899.02,99.98,2026-08-10T16:55:00+00:00
SET-000445,UTR-IND-00000445,783.02,15.98,2026-08-17T19:08:00+00:00
SET-000446,UTR-IND-00000446,9799.02,199.98,2026-08-24T22:28:00+00:00
SET-000447,UTR-IND-00000447,1273.02,25.98,2026-08-07T01:42:00+00:00
SET-000448,UTR-IND-00000448,1273.02,25.98,2026-08-13T05:02:00+00:00
SET-000449,UTR-IND-00000449,9799.02,199.98,2026-08-20T07:16:00+00:00
SET-000450,UTR-IND-00000450,3429.02,69.98,2026-08-02T10:37:00+00:00
SET-000451,UTR-IND-00000451,1273.02,25.98,2026-08-09T13:55:00+00:00
SET-000452,UTR-IND-00000452,7350.00,150.00,2026-08-16T16:11:00+00:00
SET-000453,UTR-IND-00000453,3429.02,69.98,2026-08-23T19:26:00+00:00
SET-000454,UTR-IND-00000454,4899.02,99.98,2026-08-05T22:43:00+00:00
SET-000455,UTR-IND-00000455,2449.02,49.98,2026-08-13T01:59:00+00:00
SET-000456,UTR-IND-00000456,783.02,15.98,2026-08-19T04:15:00+00:00
SET-000457,UTR-IND-00000457,489.02,9.98,2026-08-26T07:33:00+00:00
SET-000458,UTR-IND-00000458,9799.02,199.98,2026-08-08T10:50:00+00:00
SET-000459,UTR-IND-00000459,1469.51,29.99,2026-08-15T13:12:00+00:00
SET-000460,UTR-IND-00000460,489.02,9.98,2026-08-22T16:27:00+00:00
SET-000461,UTR-IND-00000461,2449.02,49.98,2026-08-04T19:43:00+00:00
SET-000462,UTR-IND-00000462,24500.00,500.00,2026-08-11T23:04:00+00:00
SET-000463,UTR-IND-00000463,2449.02,49.98,2026-08-19T01:20:00+00:00
SET-000464,UTR-IND-00000464,1959.02,39.98,2026-08-25T04:37:00+00:00
SET-000465,UTR-IND-00000465,24500.00,500.00,2026-08-07T07:53:00+00:00
SET-000466,UTR-IND-00000466,14699.02,299.98,2026-08-14T10:07:00+00:00
SET-000467,UTR-IND-00000467,1273.02,25.98,2026-08-21T13:21:00+00:00
SET-000468,UTR-IND-00000468,48999.02,999.98,2026-08-03T16:46:00+00:00
SET-000469,UTR-IND-00000469,979.02,19.98,2026-08-10T19:59:00+00:00
SET-000470,UTR-IND-00000470,783.02,15.98,2026-08-17T22:16:00+00:00
SET-000471,UTR-IND-00000471,24500.00,500.00,2026-08-25T01:35:00+00:00
SET-000472,UTR-IND-00000472,783.02,15.98,2026-08-06T04:53:00+00:00
SET-000473,UTR-IND-00000473,7350.00,150.00,2026-08-13T07:09:00+00:00
SET-000474,UTR-IND-00000474,489.02,9.98,2026-08-20T10:28:00+00:00
SET-000475,UTR-IND-00000475,7350.00,150.00,2026-08-02T13:43:00+00:00
SET-000476,UTR-IND-00000476,783.02,15.98,2026-08-09T16:57:00+00:00
SET-000477,UTR-IND-00000477,293.02,5.98,2026-08-16T19:12:00+00:00
SET-000478,UTR-IND-00000478,4899.02,99.98,2026-08-23T22:30:00+00:00
SET-000479,UTR-IND-00000479,489.02,9.98,2026-08-06T01:52:00+00:00
SET-000480,UTR-IND-00000480,1273.02,25.98,2026-08-12T04:09:00+00:00
SET-000481,UTR-IND-00000481,293.02,5.98,2026-08-19T07:19:00+00:00
SET-000482,UTR-IND-00000482,2939.02,59.98,2026-08-26T10:38:00+00:00
SET-000483,UTR-IND-00000483,14699.02,299.98,2026-08-08T13:57:00+00:00
SET-000484,UTR-IND-00000484,2449.02,49.98,2026-08-15T16:11:00+00:00
SET-000485,UTR-IND-00000485,489.02,9.98,2026-08-22T19:33:00+00:00
SET-000486,UTR-IND-00000486,24500.00,500.00,2026-08-04T22:45:00+00:00
SET-000487,UTR-IND-00000487,48999.02,999.98,2026-08-12T02:09:00+00:00
SET-000488,UTR-IND-00000488,2449.02,49.98,2026-08-18T04:22:00+00:00
SET-000489,UTR-IND-00000489,14699.02,299.98,2026-08-25T07:40:00+00:00
SET-000490,UTR-IND-00000490,2449.02,49.98,2026-08-07T10:54:00+00:00
SET-000491,UTR-IND-00000491,783.02,15.98,2026-08-14T13:10:00+00:00
SET-000492,UTR-IND-00000492,293.02,5.98,2026-08-21T16:33:00+00:00
SET-000493,UTR-IND-00000493,489.02,9.98,2026-08-03T19:48:00+00:00
SET-000494,UTR-IND-00000494,2939.02,59.98,2026-08-10T23:05:00+00:00
SET-000495,UTR-IND-00000495,783.02,15.98,2026-08-18T01:20:00+00:00
SET-000496,UTR-IND-00000496,979.02,19.98,2026-08-24T04:36:00+00:00
SET-000497,UTR-IND-00000497,489.02,9.98,2026-08-06T07:59:00+00:00
SET-000498,UTR-IND-00000498,4899.02,99.98,2026-08-13T10:15:00+00:00
SET-000499,UTR-IND-00000499,48999.02,999.98,2026-08-20T13:27:00+00:00
SET-000500,UTR-IND-00000500,783.02,15.98,2026-08-02T16:42:00+00:00
SET-000501,UTR-IND-00000501,3429.02,69.98,2026-08-09T19:59:00+00:00
SET-000502,UTR-IND-00000502,1959.02,39.98,2026-08-16T22:21:00+00:00
SET-000503,UTR-IND-00000503,3429.02,69.98,2026-08-24T01:41:00+00:00
SET-000504,UTR-IND-00000504,48999.02,999.98,2026-08-05T04:50:00+00:00
SET-000505,UTR-IND-00000505,1959.02,39.98,2026-08-12T07:12:00+00:00
SET-000506,UTR-IND-00000506,489.02,9.98,2026-08-19T10:28:00+00:00
SET-000507,UTR-IND-00000507,979.02,19.98,2026-08-26T13:47:00+00:00
SET-000508,UTR-IND-00000508,9799.02,199.98,2026-08-08T17:04:00+00:00
SET-000509,UTR-IND-00000509,4899.02,99.98,2026-08-15T19:22:00+00:00
SET-000510,UTR-IND-00000510,48999.02,999.98,2026-08-22T22:40:00+00:00
SET-000511,UTR-IND-00000511,2939.02,59.98,2026-08-05T01:55:00+00:00
SET-000512,UTR-IND-00000512,783.02,15.98,2026-08-11T04:08:00+00:00
SET-000513,UTR-IND-00000513,3429.02,69.98,2026-08-18T07:24:00+00:00
SET-000514,UTR-IND-00000514,783.02,15.98,2026-08-25T10:44:00+00:00
SET-000515,UTR-IND-00000515,3429.02,69.98,2026-08-07T14:03:00+00:00
SET-000516,UTR-IND-00000516,1469.51,29.99,2026-08-14T16:19:00+00:00
SET-000517,UTR-IND-00000517,24500.00,500.00,2026-08-21T19:36:00+00:00
SET-000518,UTR-IND-00000518,14699.02,299.98,2026-08-03T22:48:00+00:00
SET-000519,UTR-IND-00000519,783.02,15.98,2026-08-11T01:10:00+00:00
SET-000520,UTR-IND-00000520,1469.51,29.99,2026-08-17T04:24:00+00:00
SET-000521,UTR-IND-00000521,24500.00,500.00,2026-08-24T07:41:00+00:00
SET-000522,UTR-IND-00000522,783.02,15.98,2026-08-06T11:01:00+00:00
SET-000523,UTR-IND-00000523,7350.00,150.00,2026-08-13T13:13:00+00:00
SET-000524,UTR-IND-00000524,1273.02,25.98,2026-08-20T16:35:00+00:00
SET-000525,UTR-IND-00000525,7350.00,150.00,2026-08-02T19:48:00+00:00
SET-000526,UTR-IND-00000526,1273.02,25.98,2026-08-09T22:10:00+00:00
SET-000527,UTR-IND-00000527,4899.02,99.98,2026-08-17T01:24:00+00:00
SET-000528,UTR-IND-00000528,979.02,19.98,2026-08-23T04:40:00+00:00
SET-000529,UTR-IND-00000529,48999.02,999.98,2026-08-05T08:03:00+00:00
SET-000530,UTR-IND-00000530,979.02,19.98,2026-08-12T10:16:00+00:00
SET-000531,UTR-IND-00000531,24500.00,500.00,2026-08-19T13:33:00+00:00
SET-000532,UTR-IND-00000532,48999.02,999.98,2026-08-26T16:47:00+00:00
SET-000533,UTR-IND-00000533,1273.02,25.98,2026-08-08T19:10:00+00:00
SET-000534,UTR-IND-00000534,1469.51,29.99,2026-08-15T22:21:00+00:00
SET-000535,UTR-IND-00000535,4899.02,99.98,2026-08-23T01:38:00+00:00
SET-000536,UTR-IND-00000536,3429.02,69.98,2026-08-04T04:56:00+00:00
SET-000537,UTR-IND-00000537,1469.51,29.99,2026-08-11T07:19:00+00:00
SET-000538,UTR-IND-00000538,2449.02,49.98,2026-08-18T10:31:00+00:00
SET-000539,UTR-IND-00000539,1273.02,25.98,2026-08-25T13:52:00+00:00
SET-000540,UTR-IND-00000540,293.02,5.98,2026-08-07T16:10:00+00:00
SET-000541,UTR-IND-00000541,7350.00,150.00,2026-08-14T19:27:00+00:00
SET-000542,UTR-IND-00000542,1273.02,25.98,2026-08-21T22:37:00+00:00
SET-000543,UTR-IND-00000543,3429.02,69.98,2026-08-04T02:00:00+00:00
SET-000544,UTR-IND-00000544,14699.02,299.98,2026-08-10T04:11:00+00:00
SET-000545,UTR-IND-00000545,1273.02,25.98,2026-08-17T07:28:00+00:00
SET-000546,UTR-IND-00000546,24500.00,500.00,2026-08-24T10:52:00+00:00
SET-000547,UTR-IND-00000547,7350.00,150.00,2026-08-06T14:09:00+00:00
SET-000548,UTR-IND-00000548,1469.51,29.99,2026-08-13T16:24:00+00:00
SET-000549,UTR-IND-00000549,489.02,9.98,2026-08-20T19:43:00+00:00
SET-000550,UTR-IND-00000550,1273.02,25.98,2026-08-02T22:54:00+00:00
SET-000551,UTR-IND-00000551,1469.51,29.99,2026-08-10T01:12:00+00:00
SET-000552,UTR-IND-00000552,7350.00,150.00,2026-08-16T04:27:00+00:00
SET-000553,UTR-IND-00000553,2939.02,59.98,2026-08-23T07:51:00+00:00
SET-000554,UTR-IND-00000554,2939.02,59.98,2026-08-05T11:04:00+00:00
SET-000555,UTR-IND-00000555,783.02,15.98,2026-08-12T13:19:00+00:00
SET-000556,UTR-IND-00000556,1469.51,29.99,2026-08-19T16:34:00+00:00
SET-000557,UTR-IND-00000557,293.02,5.98,2026-08-26T19:51:00+00:00
SET-000558,UTR-IND-00000558,2939.02,59.98,2026-08-08T22:14:00+00:00
SET-000559,UTR-IND-00000559,293.02,5.98,2026-08-16T01:33:00+00:00
SET-000560,UTR-IND-00000560,3429.02,69.98,2026-08-22T04:49:00+00:00
SET-000561,UTR-IND-00000561,2449.02,49.98,2026-08-04T08:03:00+00:00
SET-000562,UTR-IND-00000562,24500.00,500.00,2026-08-11T10:16:00+00:00
SET-000563,UTR-IND-00000563,1469.51,29.99,2026-08-18T13:39:00+00:00
SET-000564,UTR-IND-00000564,48999.02,999.98,2026-08-25T16:53:00+00:00
SET-000565,UTR-IND-00000565,4899.02,99.98,2026-08-07T19:12:00+00:00
SET-000566,UTR-IND-00000566,4899.02,99.98,2026-08-14T22:30:00+00:00
SET-000567,UTR-IND-00000567,1273.02,25.98,2026-08-22T01:49:00+00:00
SET-000568,UTR-IND-00000568,979.02,19.98,2026-08-03T05:01:00+00:00
SET-000569,UTR-IND-00000569,24500.00,500.00,2026-08-10T07:19:00+00:00
SET-000570,UTR-IND-00000570,24500.00,500.00,2026-08-17T10:34:00+00:00
SET-000571,UTR-IND-00000571,979.02,19.98,2026-08-24T13:53:00+00:00
SET-000572,UTR-IND-00000572,9799.02,199.98,2026-08-06T16:09:00+00:00
SET-000573,UTR-IND-00000573,1469.51,29.99,2026-08-13T19:28:00+00:00
SET-000574,UTR-IND-00000574,1959.02,39.98,2026-08-20T22:47:00+00:00
SET-000575,UTR-IND-00000575,24500.00,500.00,2026-08-03T02:01:00+00:00
SET-000576,UTR-IND-00000576,48999.02,999.98,2026-08-09T04:15:00+00:00
SET-000577,UTR-IND-00000577,9799.02,199.98,2026-08-16T07:34:00+00:00
SET-000578,UTR-IND-00000578,1959.02,39.98,2026-08-23T10:48:00+00:00
SET-000579,UTR-IND-00000579,489.02,9.98,2026-08-05T13:12:00+00:00
SET-000580,UTR-IND-00000580,48999.02,999.98,2026-08-12T16:30:00+00:00
SET-000581,UTR-IND-00000581,293.02,5.98,2026-08-19T19:45:00+00:00
SET-000582,UTR-IND-00000582,1273.02,25.98,2026-08-26T23:01:00+00:00
SET-000583,UTR-IND-00000583,9799.02,199.98,2026-08-09T01:13:00+00:00
SET-000584,UTR-IND-00000584,9799.02,199.98,2026-08-15T04:38:00+00:00
SET-000585,UTR-IND-00000585,1959.02,39.98,2026-08-22T07:55:00+00:00
SET-000586,UTR-IND-00000586,3429.02,69.98,2026-08-04T10:10:00+00:00
SET-000587,UTR-IND-00000587,24500.00,500.00,2026-08-11T13:22:00+00:00
SET-000588,UTR-IND-00000588,1273.02,25.98,2026-08-18T16:44:00+00:00
SET-000589,UTR-IND-00000589,7350.00,150.00,2026-08-25T20:03:00+00:00
SET-000590,UTR-IND-00000590,7350.00,150.00,2026-08-07T22:15:00+00:00
SET-000591,UTR-IND-00000591,9799.02,199.98,2026-08-15T01:29:00+00:00
SET-000592,UTR-IND-00000592,489.02,9.98,2026-08-21T04:51:00+00:00
SET-000593,UTR-IND-00000593,48999.02,999.98,2026-08-03T07:05:00+00:00
SET-000594,UTR-IND-00000594,1273.02,25.98,2026-08-10T10:25:00+00:00
SET-000595,UTR-IND-00000595,1469.51,29.99,2026-08-17T13:41:00+00:00
SET-000596,UTR-IND-00000596,4899.02,99.98,2026-08-24T16:58:00+00:00
SET-000597,UTR-IND-00000597,48999.02,999.98,2026-08-06T19:16:00+00:00
SET-000598,UTR-IND-00000598,4899.02,99.98,2026-08-13T22:34:00+00:00
SET-000599,UTR-IND-00000599,3429.02,69.98,2026-08-21T01:52:00+00:00
SET-000600,UTR-IND-00000600,2939.02,59.98,2026-08-02T04:02:00+00:00
SET-000601,UTR-IND-00000601,48999.02,999.98,2026-08-09T07:27:00+00:00
SET-000602,UTR-IND-00000602,9799.02,199.98,2026-08-16T10:39:00+00:00
SET-000603,UTR-IND-00000603,489.02,9.98,2026-08-23T13:56:00+00:00
SET-000604,UTR-IND-00000604,293.02,5.98,2026-08-05T16:15:00+00:00
SET-000605,UTR-IND-00000605,14699.02,299.98,2026-08-12T19:33:00+00:00
SET-000606,UTR-IND-00000606,1959.02,39.98,2026-08-19T22:52:00+00:00
SET-000607,UTR-IND-00000607,48999.02,999.98,2026-08-27T02:03:00+00:00
SET-000608,UTR-IND-00000608,1959.02,39.98,2026-08-08T04:25:00+00:00
SET-000609,UTR-IND-00000609,9799.02,199.98,2026-08-15T07:37:00+00:00
SET-000610,UTR-IND-00000610,24500.00,500.00,2026-08-22T11:00:00+00:00
SET-000611,UTR-IND-00000611,7350.00,150.00,2026-08-04T13:16:00+00:00
SET-000612,UTR-IND-00000612,1959.02,39.98,2026-08-11T16:30:00+00:00
SET-000613,UTR-IND-00000613,3429.02,69.98,2026-08-18T19:47:00+00:00
SET-000614,UTR-IND-00000614,3429.02,69.98,2026-08-25T23:07:00+00:00
SET-000615,UTR-IND-00000615,4899.02,99.98,2026-08-08T01:22:00+00:00
SET-000616,UTR-IND-00000616,2939.02,59.98,2026-08-14T04:35:00+00:00
SET-000617,UTR-IND-00000617,9799.02,199.98,2026-08-21T07:56:00+00:00
SET-000618,UTR-IND-00000618,1273.02,25.98,2026-08-03T10:08:00+00:00
SET-000619,UTR-IND-00000619,3429.02,69.98,2026-08-10T13:30:00+00:00
SET-000620,UTR-IND-00000620,24500.00,500.00,2026-08-17T16:49:00+00:00
SET-000621,UTR-IND-00000621,1959.02,39.98,2026-08-24T20:07:00+00:00
SET-000622,UTR-IND-00000622,2939.02,59.98,2026-08-06T22:18:00+00:00
SET-000623,UTR-IND-00000623,979.02,19.98,2026-08-14T01:36:00+00:00
SET-000624,UTR-IND-00000624,489.02,9.98,2026-08-20T04:53:00+00:00
SET-000625,UTR-IND-00000625,489.02,9.98,2026-08-02T07:13:00+00:00
SET-000626,UTR-IND-00000626,4899.02,99.98,2026-08-09T10:25:00+00:00
SET-000627,UTR-IND-00000627,1273.02,25.98,2026-08-16T13:49:00+00:00
SET-000628,UTR-IND-00000628,1469.51,29.99,2026-08-23T17:05:00+00:00
SET-000629,UTR-IND-00000629,48999.02,999.98,2026-08-05T19:19:00+00:00
SET-000630,UTR-IND-00000630,4899.02,99.98,2026-08-12T22:32:00+00:00
SET-000631,UTR-IND-00000631,783.02,15.98,2026-08-20T01:57:00+00:00
SET-000632,UTR-IND-00000632,489.02,9.98,2026-08-26T04:12:00+00:00
SET-000633,UTR-IND-00000633,1469.51,29.99,2026-08-08T07:29:00+00:00
SET-000634,UTR-IND-00000634,48999.02,999.98,2026-08-15T10:44:00+00:00
SET-000635,UTR-IND-00000635,489.02,9.98,2026-08-22T14:01:00+00:00
SET-000636,UTR-IND-00000636,979.02,19.98,2026-08-04T16:18:00+00:00
SET-000637,UTR-IND-00000637,24500.00,500.00,2026-08-11T19:33:00+00:00
SET-000638,UTR-IND-00000638,24500.00,500.00,2026-08-18T22:51:00+00:00
SET-000639,UTR-IND-00000639,979.02,19.98,2026-08-26T01:07:00+00:00
SET-000640,UTR-IND-00000640,24500.00,500.00,2026-08-07T04:24:00+00:00
SET-000641,UTR-IND-00000641,293.02,5.98,2026-08-14T07:43:00+00:00
SET-000642,UTR-IND-00000642,1959.02,39.98,2026-08-21T11:02:00+00:00
SET-000643,UTR-IND-00000643,14699.02,299.98,2026-08-03T13:14:00+00:00
SET-000644,UTR-IND-00000644,9799.02,199.98,2026-08-10T16:32:00+00:00
SET-000645,UTR-IND-00000645,1273.02,25.98,2026-08-17T19:52:00+00:00
SET-000646,UTR-IND-00000646,2449.02,49.98,2026-08-24T22:08:00+00:00
SET-000647,UTR-IND-00000647,9799.02,199.98,2026-08-07T01:28:00+00:00
SET-000648,UTR-IND-00000648,2939.02,59.98,2026-08-13T04:42:00+00:00
SET-000649,UTR-IND-00000649,293.02,5.98,2026-08-20T08:00:00+00:00
SET-000650,UTR-IND-00000650,2449.02,49.98,2026-08-02T10:13:00+00:00
SET-000651,UTR-IND-00000651,24500.00,500.00,2026-08-09T13:31:00+00:00
SET-000652,UTR-IND-00000652,9799.02,199.98,2026-08-16T16:47:00+00:00
SET-000653,UTR-IND-00000653,3429.02,69.98,2026-08-23T19:06:00+00:00
SET-000654,UTR-IND-00000654,2449.02,49.98,2026-08-05T22:27:00+00:00
SET-000655,UTR-IND-00000655,1273.02,25.98,2026-08-13T01:42:00+00:00
SET-000656,UTR-IND-00000656,14699.02,299.98,2026-08-19T05:02:00+00:00
SET-000657,UTR-IND-00000657,1959.02,39.98,2026-08-26T07:12:00+00:00
SET-000658,UTR-IND-00000658,24500.00,500.00,2026-08-08T10:29:00+00:00
SET-000659,UTR-IND-00000659,979.02,19.98,2026-08-15T13:53:00+00:00
SET-000660,UTR-IND-00000660,1959.02,39.98,2026-08-22T16:04:00+00:00
SET-000661,UTR-IND-00000661,4899.02,99.98,2026-08-04T19:20:00+00:00
SET-000662,UTR-IND-00000662,1959.02,39.98,2026-08-11T22:37:00+00:00
SET-000663,UTR-IND-00000663,24500.00,500.00,2026-08-19T02:00:00+00:00
SET-000664,UTR-IND-00000664,1273.02,25.98,2026-08-25T04:17:00+00:00
SET-000665,UTR-IND-00000665,489.02,9.98,2026-08-07T07:31:00+00:00
SET-000666,UTR-IND-00000666,293.02,5.98,2026-08-14T10:48:00+00:00
SET-000667,UTR-IND-00000667,293.02,5.98,2026-08-21T14:02:00+00:00
SET-000668,UTR-IND-00000668,489.02,9.98,2026-08-03T16:23:00+00:00
SET-000669,UTR-IND-00000669,783.02,15.98,2026-08-10T19:36:00+00:00
SET-000670,UTR-IND-00000670,48999.02,999.98,2026-08-17T22:56:00+00:00
SET-000671,UTR-IND-00000671,14699.02,299.98,2026-08-25T01:11:00+00:00
SET-000672,UTR-IND-00000672,14699.02,299.98,2026-08-06T04:32:00+00:00
SET-000673,UTR-IND-00000673,24500.00,500.00,2026-08-13T07:49:00+00:00
SET-000674,UTR-IND-00000674,783.02,15.98,2026-08-20T11:05:00+00:00
SET-000675,UTR-IND-00000675,979.02,19.98,2026-08-02T13:25:00+00:00
SET-000676,UTR-IND-00000676,9799.02,199.98,2026-08-09T16:37:00+00:00
SET-000677,UTR-IND-00000677,293.02,5.98,2026-08-16T19:55:00+00:00
SET-000678,UTR-IND-00000678,24500.00,500.00,2026-08-23T22:16:00+00:00
SET-000679,UTR-IND-00000679,9799.02,199.98,2026-08-06T01:28:00+00:00
SET-000680,UTR-IND-00000680,24500.00,500.00,2026-08-12T04:44:00+00:00
SET-000681,UTR-IND-00000681,2939.02,59.98,2026-08-19T08:00:00+00:00
SET-000682,UTR-IND-00000682,489.02,9.98,2026-08-26T10:16:00+00:00
SET-000683,UTR-IND-00000683,2449.02,49.98,2026-08-08T13:34:00+00:00
SET-000684,UTR-IND-00000684,979.02,19.98,2026-08-15T16:57:00+00:00
SET-000685,UTR-IND-00000685,489.02,9.98,2026-08-22T19:07:00+00:00
SET-000686,UTR-IND-00000686,9799.02,199.98,2026-08-04T22:27:00+00:00
SET-000687,UTR-IND-00000687,1959.02,39.98,2026-08-12T01:43:00+00:00
SET-000688,UTR-IND-00000688,3429.02,69.98,2026-08-18T05:03:00+00:00
SET-000689,UTR-IND-00000689,4899.02,99.98,2026-08-25T07:19:00+00:00
SET-000690,UTR-IND-00000690,1273.02,25.98,2026-08-07T10:38:00+00:00
SET-000691,UTR-IND-00000691,3429.02,69.98,2026-08-14T13:49:00+00:00
SET-000692,UTR-IND-00000692,1469.51,29.99,2026-08-21T16:14:00+00:00
SET-000693,UTR-IND-00000693,48999.02,999.98,2026-08-03T19:28:00+00:00
SET-000694,UTR-IND-00000694,9799.02,199.98,2026-08-10T22:46:00+00:00
SET-000695,UTR-IND-00000695,14699.02,299.98,2026-08-18T02:01:00+00:00
SET-000696,UTR-IND-00000696,9799.02,199.98,2026-08-24T04:22:00+00:00
SET-000697,UTR-IND-00000697,48999.02,999.98,2026-08-06T07:34:00+00:00
SET-000698,UTR-IND-00000698,3429.02,69.98,2026-08-13T10:55:00+00:00
SET-000699,UTR-IND-00000699,489.02,9.98,2026-08-20T13:11:00+00:00
SET-000700,UTR-IND-00000700,1273.02,25.98,2026-08-02T16:25:00+00:00
SET-000701,UTR-IND-00000701,2939.02,59.98,2026-08-09T19:44:00+00:00
SET-000702,UTR-IND-00000702,783.02,15.98,2026-08-16T23:01:00+00:00
SET-000703,UTR-IND-00000703,783.02,15.98,2026-08-24T01:13:00+00:00
SET-000704,UTR-IND-00000704,2939.02,59.98,2026-08-05T04:30:00+00:00
SET-000705,UTR-IND-00000705,783.02,15.98,2026-08-12T07:55:00+00:00
SET-000706,UTR-IND-00000706,1959.02,39.98,2026-08-19T10:07:00+00:00
SET-000707,UTR-IND-00000707,4899.02,99.98,2026-08-26T13:21:00+00:00
SET-000708,UTR-IND-00000708,1959.02,39.98,2026-08-08T16:39:00+00:00
SET-000709,UTR-IND-00000709,48999.02,999.98,2026-08-15T19:58:00+00:00
SET-000710,UTR-IND-00000710,9799.02,199.98,2026-08-22T22:20:00+00:00
SET-000711,UTR-IND-00000711,4899.02,99.98,2026-08-05T01:35:00+00:00
SET-000712,UTR-IND-00000712,24500.00,500.00,2026-08-11T04:50:00+00:00
SET-000713,UTR-IND-00000713,2939.02,59.98,2026-08-18T07:11:00+00:00
SET-000714,UTR-IND-00000714,48999.02,999.98,2026-08-25T10:21:00+00:00
SET-000715,UTR-IND-00000715,48999.02,999.98,2026-08-07T13:40:00+00:00
SET-000716,UTR-IND-00000716,7350.00,150.00,2026-08-14T17:00:00+00:00
SET-000717,UTR-IND-00000717,489.02,9.98,2026-08-21T19:13:00+00:00
SET-000718,UTR-IND-00000718,293.02,5.98,2026-08-03T22:36:00+00:00
SET-000719,UTR-IND-00000719,14699.02,299.98,2026-08-11T01:47:00+00:00
SET-000720,UTR-IND-00000720,1959.02,39.98,2026-08-17T04:05:00+00:00
SET-BATCH-0001,UTR-BATCH-0001,61737.06,1259.94,2026-08-17T12:20:00+00:00
SET-BATCH-0002,UTR-BATCH-0002,51938.04,1059.96,2026-08-22T12:20:00+00:00
SET-BATCH-0003,UTR-BATCH-0003,50271.06,1025.94,2026-08-22T12:20:00+00:00
SET-BATCH-0004,UTR-BATCH-0004,2349.06,47.94,2026-08-12T12:20:00+00:00
SET-BATCH-0005,UTR-BATCH-0005,25282.04,515.96,2026-08-22T12:20:00+00:00
SET-BATCH-0006,UTR-BATCH-0006,49585.06,1011.94,2026-08-17T12:20:00+00:00
SET-BATCH-0007,UTR-BATCH-0007,4701.55,95.95,2026-08-22T12:20:00+00:00
SET-BATCH-0008,UTR-BATCH-0008,6367.06,129.94,2026-08-22T12:20:00+00:00
SET-BATCH-0009,UTR-BATCH-0009,13521.06,275.94,2026-08-12T12:20:00+00:00
SET-BATCH-0010,UTR-BATCH-0010,6367.06,129.94,2026-08-22T12:20:00+00:00
SET-BATCH-0011,UTR-BATCH-0011,20087.06,409.94,2026-08-17T12:20:00+00:00
SET-BATCH-0012,UTR-BATCH-0012,55367.55,1129.95,2026-08-22T12:20:00+00:00
SET-BATCH-0013,UTR-BATCH-0013,5387.06,109.94,2026-08-22T12:20:00+00:00
SET-BATCH-0014,UTR-BATCH-0014,6171.06,125.94,2026-08-12T12:20:00+00:00
SET-BATCH-0015,UTR-BATCH-0015,15187.06,309.94,2026-08-22T12:20:00+00:00
SET-BATCH-0016,UTR-BATCH-0016,8621.06,175.94,2026-08-17T12:20:00+00:00
SET-BATCH-0017,UTR-BATCH-0017,10778.04,219.96,2026-08-22T12:20:00+00:00
SET-BATCH-0018,UTR-BATCH-0018,12737.06,259.94,2026-08-22T12:20:00+00:00
SET-BATCH-0019,UTR-BATCH-0019,71048.04,1449.96,2026-08-12T12:20:00+00:00
SET-BATCH-0020,UTR-BATCH-0020,14011.06,285.94,2026-08-22T12:20:00+00:00
SET-000741,UTR-IND-00000781,3429.02,69.98,2026-08-14T14:25:00+00:00
SET-000742,UTR-IND-00000782,3429.02,69.98,2026-08-16T14:25:00+00:00
SET-000743,UTR-IND-00000783,3429.02,69.98,2026-08-18T14:25:00+00:00
SET-000744,UTR-IND-00000784,3429.02,69.98,2026-08-20T14:25:00+00:00
SET-000745,UTR-IND-00000785,3429.02,69.98,2026-08-22T14:25:00+00:00
SET-000746,UTR-IND-00000786,3429.02,69.98,2026-08-24T14:25:00+00:00
SET-000747,UTR-IND-00000787,3429.02,69.98,2026-08-26T14:25:00+00:00
SET-000748,UTR-IND-00000788,3429.02,69.98,2026-08-03T14:25:00+00:00
SET-000749,UTR-IND-00000789,3429.02,69.98,2026-08-05T14:25:00+00:00
SET-000750,UTR-IND-00000790,3429.02,69.98,2026-08-07T14:25:00+00:00
SET-000751,UTR-IND-00000791,3429.02,69.98,2026-08-09T14:25:00+00:00
SET-000752,UTR-IND-00000792,3429.02,69.98,2026-08-11T14:25:00+00:00
SET-000753,UTR-IND-00000793,3429.02,69.98,2026-08-13T14:25:00+00:00
SET-000754,UTR-IND-00000794,3429.02,69.98,2026-08-15T14:25:00+00:00
SET-000755,UTR-IND-00000795,3429.02,69.98,2026-08-17T14:25:00+00:00
SET-000756,UTR-IND-00000796,3429.02,69.98,2026-08-19T14:25:00+00:00
SET-000757,UTR-IND-00000797,3429.02,69.98,2026-08-21T14:25:00+00:00
SET-000758,UTR-IND-00000798,3429.02,69.98,2026-08-23T14:25:00+00:00
SET-000759,UTR-IND-00000799,3429.02,69.98,2026-08-25T14:25:00+00:00
SET-000760,UTR-IND-00000800,3429.02,69.98,2026-08-02T14:25:00+00:00
SET-000761,UTR-IND-00000801,3429.02,69.98,2026-08-04T14:25:00+00:00
SET-000762,UTR-IND-00000802,3429.02,69.98,2026-08-06T14:25:00+00:00
SET-000763,UTR-IND-00000803,3429.02,69.98,2026-08-08T14:25:00+00:00
SET-000764,UTR-IND-00000804,3429.02,69.98,2026-08-10T14:25:00+00:00
SET-000765,UTR-IND-00000805,3429.02,69.98,2026-08-12T14:25:00+00:00
SET-000766,UTR-IND-00000806,3429.02,69.98,2026-08-14T14:25:00+00:00
SET-000767,UTR-IND-00000807,3429.02,69.98,2026-08-16T14:25:00+00:00
SET-000768,UTR-IND-00000808,3429.02,69.98,2026-08-18T14:25:00+00:00
SET-000769,UTR-IND-00000809,3429.02,69.98,2026-08-20T14:25:00+00:00
SET-000770,UTR-IND-00000810,3429.02,69.98,2026-08-22T14:25:00+00:00
SET-000771,UTR-IND-00000811,2939.02,59.98,2026-08-10T01:25:00+00:00
SET-000772,UTR-IND-00000812,1273.02,25.98,2026-08-11T01:25:00+00:00
SET-000773,UTR-IND-00000813,9799.02,199.98,2026-08-12T01:25:00+00:00
SET-000774,UTR-IND-00000814,1273.02,25.98,2026-08-13T01:25:00+00:00
SET-000775,UTR-IND-00000815,9799.02,199.98,2026-08-14T01:25:00+00:00
SET-000776,UTR-IND-00000816,4899.02,99.98,2026-08-15T01:25:00+00:00
SET-000777,UTR-IND-00000817,7350.00,150.00,2026-08-16T01:25:00+00:00
SET-000778,UTR-IND-00000818,979.02,19.98,2026-08-17T01:25:00+00:00
SET-000779,UTR-IND-00000819,783.02,15.98,2026-08-18T01:25:00+00:00
SET-000780,UTR-IND-00000820,293.02,5.98,2026-08-09T01:25:00+00:00
SET-000781,UTR-IND-00000821,3429.02,69.98,2026-08-10T01:25:00+00:00
SET-000782,UTR-IND-00000822,24500.00,500.00,2026-08-11T01:25:00+00:00
SET-000783,UTR-IND-00000823,7350.00,150.00,2026-08-12T01:25:00+00:00
SET-000784,UTR-IND-00000824,2939.02,59.98,2026-08-13T01:25:00+00:00
SET-000785,UTR-IND-00000825,979.02,19.98,2026-08-14T01:25:00+00:00
SET-000786,UTR-IND-00000826,1273.02,25.98,2026-08-15T01:25:00+00:00
SET-000787,UTR-IND-00000827,783.02,15.98,2026-08-16T01:25:00+00:00
SET-000788,UTR-IND-00000828,1469.51,29.99,2026-08-17T01:25:00+00:00
SET-000789,UTR-IND-00000829,14699.02,299.98,2026-08-18T01:25:00+00:00
SET-000790,UTR-IND-00000830,24500.00,500.00,2026-08-09T01:25:00+00:00
SET-000791,UTR-IND-00000831,14699.02,299.98,2026-08-10T01:25:00+00:00
SET-000792,UTR-IND-00000832,979.02,19.98,2026-08-11T01:25:00+00:00
SET-000793,UTR-IND-00000833,293.02,5.98,2026-08-12T01:25:00+00:00
SET-000794,UTR-IND-00000834,783.02,15.98,2026-08-13T01:25:00+00:00
SET-000795,UTR-IND-00000835,7350.00,150.00,2026-08-14T01:25:00+00:00
SET-000796,UTR-IND-00000836,783.02,15.98,2026-08-15T01:25:00+00:00
SET-000797,UTR-IND-00000837,4899.02,99.98,2026-08-16T01:25:00+00:00
SET-000798,UTR-IND-00000838,9799.02,199.98,2026-08-17T01:25:00+00:00
SET-000799,UTR-IND-00000839,293.02,5.98,2026-08-18T01:25:00+00:00
SET-000800,UTR-IND-00000840,3429.02,69.98,2026-08-09T01:25:00+00:00
SET-000801,UTR-IND-00000871,293.02,5.98,2026-08-06T16:35:00+00:00
SET-000802,UTR-IND-00000872,9799.02,199.98,2026-08-10T16:35:00+00:00
SET-000803,UTR-IND-00000873,4899.02,99.98,2026-08-14T16:35:00+00:00
SET-000804,UTR-IND-00000874,9799.02,199.98,2026-08-18T16:35:00+00:00
SET-000805,UTR-IND-00000875,4899.02,99.98,2026-08-02T16:35:00+00:00
SET-000806,UTR-IND-00000876,24500.00,500.00,2026-08-06T16:35:00+00:00
SET-000807,UTR-IND-00000877,4899.02,99.98,2026-08-10T16:35:00+00:00
SET-000808,UTR-IND-00000878,14699.02,299.98,2026-08-14T16:35:00+00:00
SET-000809,UTR-IND-00000879,1273.02,25.98,2026-08-18T16:35:00+00:00
SET-000810,UTR-IND-00000880,3429.02,69.98,2026-08-02T16:35:00+00:00
SET-000811,UTR-IND-00000881,4899.02,99.98,2026-08-06T16:35:00+00:00
SET-000812,UTR-IND-00000882,1959.02,39.98,2026-08-10T16:35:00+00:00
SET-000813,UTR-IND-00000883,48999.02,999.98,2026-08-14T16:35:00+00:00
SET-000814,UTR-IND-00000884,4899.02,99.98,2026-08-18T16:35:00+00:00
SET-000815,UTR-IND-00000885,1469.51,29.99,2026-08-02T16:35:00+00:00
SET-000816,UTR-IND-00000886,9799.02,199.98,2026-08-06T16:35:00+00:00
SET-000817,UTR-IND-00000887,4899.02,99.98,2026-08-10T16:35:00+00:00
SET-000818,UTR-IND-00000888,3429.02,69.98,2026-08-14T16:35:00+00:00
SET-000819,UTR-IND-00000889,48999.02,999.98,2026-08-18T16:35:00+00:00
SET-000820,UTR-IND-00000890,2449.02,49.98,2026-08-02T16:35:00+00:00
SET-000821,UTR-IND-00000891,4899.02,99.98,2026-08-06T16:35:00+00:00
SET-000822,UTR-IND-00000892,9799.02,199.98,2026-08-10T16:35:00+00:00
SET-000823,UTR-IND-00000893,2939.02,59.98,2026-08-14T16:35:00+00:00
SET-000824,UTR-IND-00000894,9799.02,199.98,2026-08-18T16:35:00+00:00
SET-000825,UTR-IND-00000895,7350.00,150.00,2026-08-02T16:35:00+00:00
SET-000826,UTR-IND-00000896,979.02,19.98,2026-08-06T16:35:00+00:00
SET-000827,UTR-IND-00000897,1959.02,39.98,2026-08-10T16:35:00+00:00
SET-000828,UTR-IND-00000898,1469.51,29.99,2026-08-14T16:35:00+00:00
SET-000829,UTR-IND-00000899,293.02,5.98,2026-08-18T16:35:00+00:00
SET-000830,UTR-IND-00000900,24500.00,500.00,2026-08-02T16:35:00+00:00
SET-000831,UTR-IND-00000901,1469.56,29.99,2026-08-04T12:05:00+00:00
SET-000832,UTR-IND-00000902,1469.56,29.99,2026-08-06T12:05:00+00:00
SET-000833,UTR-IND-00000903,1469.56,29.99,2026-08-08T12:05:00+00:00
SET-000834,UTR-IND-00000904,1469.56,29.99,2026-08-10T12:05:00+00:00
SET-000835,UTR-IND-00000905,1469.56,29.99,2026-08-12T12:05:00+00:00
SET-000836,UTR-IND-00000906,1469.56,29.99,2026-08-14T12:05:00+00:00
SET-000837,UTR-IND-00000907,1469.56,29.99,2026-08-16T12:05:00+00:00
SET-000838,UTR-IND-00000908,1469.56,29.99,2026-08-18T12:05:00+00:00
SET-000839,UTR-IND-00000909,1469.56,29.99,2026-08-20T12:05:00+00:00
SET-000840,UTR-IND-00000910,1469.56,29.99,2026-08-22T12:05:00+00:00
SET-000841,UTR-IND-00000911,1469.56,29.99,2026-08-24T12:05:00+00:00
SET-000842,UTR-IND-00000912,1469.56,29.99,2026-08-26T12:05:00+00:00
SET-000843,UTR-IND-00000913,1469.56,29.99,2026-08-03T12:05:00+00:00
SET-000844,UTR-IND-00000914,1469.56,29.99,2026-08-05T12:05:00+00:00
SET-000845,UTR-IND-00000915,1469.56,29.99,2026-08-07T12:05:00+00:00
SET-000846,UTR-IND-00000916,1469.56,29.99,2026-08-09T12:05:00+00:00
SET-000847,UTR-IND-00000917,1469.56,29.99,2026-08-11T12:05:00+00:00
SET-000848,UTR-IND-00000918,1469.56,29.99,2026-08-13T12:05:00+00:00
SET-000849,UTR-IND-00000919,1469.56,29.99,2026-08-15T12:05:00+00:00
SET-000850,UTR-IND-00000920,1469.56,29.99,2026-08-17T12:05:00+00:00
SET-000851,UTR-IND-00092121,1959.02,39.98,2026-08-15T15:35:00+00:00
SET-000852,UTR-IND-00092221,24500.00,500.00,2026-08-18T15:35:00+00:00
SET-000853,UTR-IND-00092321,3429.02,69.98,2026-08-21T15:35:00+00:00
SET-000854,UTR-IND-00092421,783.02,15.98,2026-08-24T15:35:00+00:00
SET-000855,UTR-IND-00092521,14699.02,299.98,2026-08-02T15:35:00+00:00
SET-000856,UTR-IND-00092621,48999.02,999.98,2026-08-05T15:35:00+00:00
SET-000857,UTR-IND-00092721,1273.02,25.98,2026-08-08T15:35:00+00:00
SET-000858,UTR-IND-00092821,3429.02,69.98,2026-08-11T15:35:00+00:00
SET-000859,UTR-IND-00092921,2449.02,49.98,2026-08-14T15:35:00+00:00
SET-000860,UTR-IND-00093021,2939.02,59.98,2026-08-17T15:35:00+00:00
SET-000861,UTR-IND-00093121,1273.02,25.98,2026-08-20T15:35:00+00:00
SET-000862,UTR-IND-00093221,14699.02,299.98,2026-08-23T15:35:00+00:00
SET-000863,UTR-IND-00093321,9799.02,199.98,2026-08-26T15:35:00+00:00
SET-000864,UTR-IND-00093421,783.02,15.98,2026-08-04T15:35:00+00:00
SET-000865,UTR-IND-00093521,24500.00,500.00,2026-08-07T15:35:00+00:00
SET-000866,UTR-IND-00093621,48999.02,999.98,2026-08-10T15:35:00+00:00
SET-000867,UTR-IND-00093721,9799.02,199.98,2026-08-13T15:35:00+00:00
SET-000868,UTR-IND-00093821,14699.02,299.98,2026-08-16T15:35:00+00:00
SET-000869,UTR-IND-00093921,489.02,9.98,2026-08-19T15:35:00+00:00
SET-000870,UTR-IND-00094021,7350.00,150.00,2026-08-22T15:35:00+00:00
SET-000871,UTR-IND-00000941,783.02,15.98,2026-08-16T08:15:00+00:00
SET-000872,UTR-IND-00000942,979.02,19.98,2026-08-20T08:15:00+00:00
SET-000873,UTR-IND-00000943,2449.02,49.98,2026-08-24T08:15:00+00:00
SET-000874,UTR-IND-00000944,7350.00,150.00,2026-08-03T08:15:00+00:00
SET-000875,UTR-IND-00000945,1469.51,29.99,2026-08-07T08:15:00+00:00
SET-000876,UTR-IND-00000946,489.02,9.98,2026-08-11T08:15:00+00:00
SET-000877,UTR-IND-00000947,9799.02,199.98,2026-08-15T08:15:00+00:00
SET-000878,UTR-IND-00000948,4899.02,99.98,2026-08-19T08:15:00+00:00
SET-000879,UTR-IND-00000949,14699.02,299.98,2026-08-23T08:15:00+00:00
SET-000880,UTR-IND-00000950,979.02,19.98,2026-08-02T08:15:00+00:00
SET-000881,UTR-IND-000951A,2449.02,49.98,2026-08-04T18:22:00+00:00
SET-000882,UTR-IND-000952A,2449.02,49.98,2026-08-06T18:22:00+00:00
SET-000883,UTR-IND-000953A,2449.02,49.98,2026-08-08T18:22:00+00:00
SET-000884,UTR-IND-000954A,2449.02,49.98,2026-08-10T18:22:00+00:00
SET-000885,UTR-IND-000955A,2449.02,49.98,2026-08-12T18:22:00+00:00
SET-000886,UTR-IND-000956A,2449.02,49.98,2026-08-14T18:22:00+00:00
SET-000887,UTR-IND-000957A,2449.02,49.98,2026-08-16T18:22:00+00:00
SET-000888,UTR-IND-000958A,2449.02,49.98,2026-08-18T18:22:00+00:00
SET-000889,UTR-IND-000959A,2449.02,49.98,2026-08-20T18:22:00+00:00
SET-000890,UTR-IND-000960A,2449.02,49.98,2026-08-22T18:22:00+00:00
SET-000891,UTR-IND-000961A,2449.02,49.98,2026-08-24T18:22:00+00:00
SET-000892,UTR-IND-000962A,2449.02,49.98,2026-08-26T18:22:00+00:00
SET-000893,UTR-IND-000963A,2449.02,49.98,2026-08-03T18:22:00+00:00
SET-000894,UTR-IND-000964A,2449.02,49.98,2026-08-05T18:22:00+00:00
SET-000895,UTR-IND-000965A,2449.02,49.98,2026-08-07T18:22:00+00:00
SET-000896,UTR-IND-000966A,2449.02,49.98,2026-08-09T18:22:00+00:00
SET-000897,UTR-IND-000967A,2449.02,49.98,2026-08-11T18:22:00+00:00
SET-000898,UTR-IND-000968A,2449.02,49.98,2026-08-13T18:22:00+00:00
SET-000899,UTR-IND-000969A,2449.02,49.98,2026-08-15T18:22:00+00:00
SET-000900,UTR-IND-000970A,2449.02,49.98,2026-08-17T18:22:00+00:00
